{
 "type": "FeatureCollection",
 "metadata": {
  "source": "OpenStreetMap via Overpass API",
  "region": "Shillong, Meghalaya",
  "bbox": [
   25.5,
   91.78,
   25.72,
   91.98
  ],
  "note": "real geographic features; validity windows are illustrative operational rules"
 },
 "features": [
  {
   "type": "Feature",
   "properties": {
    "name": "Sonapani Waterfall Cliff",
    "kind": "restricted",
    "severity": 5,
    "osm_id": 975457698,
    "source": "OpenStreetMap"
   },
   "geometry": {
    "type": "Polygon",
    "coordinates": [
     [
      [
       91.867944,
       25.585529
      ],
      [
       91.868393,
       25.58625
      ],
      [
       91.86967,
       25.586359
      ],
      [
       91.868594,
       25.586623
      ],
      [
       91.867922,
       25.58643
      ],
      [
       91.867759,
       25.585622
      ]
     ]
    ]
   }
  },
  {
   "type": "Feature",
   "properties": {
    "name": "Wards Lake",
    "kind": "caution",
    "severity": 4,
    "osm_id": 131468994,
    "source": "OpenStreetMap",
    "active_from_s": 1800,
    "active_to_s": 5400,
    "rule_note": "spillway discharge window"
   },
   "geometry": {
    "type": "Polygon",
    "coordinates": [
     [
      [
       91.886975,
       25.573697
      ],
      [
       91.887249,
       25.574025
      ],
      [
       91.887048,
       25.574455
      ],
      [
       91.88716,
       25.574699
      ],
      [
       91.886644,
       25.574842
      ],
      [
       91.886683,
       25.575256
      ],
      [
       91.886141,
       25.575672
      ],
      [
       91.885683,
       25.575652
      ],
      [
       91.885497,
       25.575326
      ],
      [
       91.885227,
       25.57545
      ],
      [
       91.886056,
       25.576234
      ],
      [
       91.886832,
       25.575925
      ],
      [
       91.887831,
       25.574137
      ],
      [
       91.88756,
       25.574151
      ],
      [
       91.887545,
       25.573525
      ],
      [
       91.887262,
       25.573731
      ],
      [
       91.886938,
       25.573516
      ],
      [
       91.886933,
       25.573678
      ]
     ]
    ]
   }
  },
  {
   "type": "Feature",
   "properties": {
    "name": "Love Jungle",
    "kind": "advisory",
    "severity": 2,
    "osm_id": 123562871,
    "source": "OpenStreetMap",
    "active_from_s": 2700,
    "rule_note": "landslide risk after rainfall"
   },
   "geometry": {
    "type": "Polygon",
    "coordinates": [
     [
      [
       91.889382,
       25.592362
      ],
      [
       91.890132,
       25.594389
      ],
      [
       91.891601,
       25.594835
      ],
      [
       91.892916,
       25.596146
      ],
      [
       91.893383,
       25.596073
      ],
      [
       91.894307,
       25.595205
      ],
      [
       91.893522,
       25.594738
      ],
      [
       91.893712,
       25.594491
      ],
      [
       91.894125,
       25.594714
      ],
      [
       91.894402,
       25.594583
      ],
      [
       91.894417,
       25.594295
      ],
      [
       91.893988,
       25.594179
      ],
      [
       91.893988,
       25.593985
      ],
      [
       91.894685,
       25.593463
      ],
      [
       91.895137,
       25.592314
      ],
      [
       91.895394,
       25.592096
      ],
      [
       91.895695,
       25.592217
      ],
      [
       91.895877,
       25.592982
      ],
      [
       91.895764,
       25.593555
      ],
      [
       91.896038,
       25.593253
      ],
      [
       91.896129,
       25.593528
      ],
      [
       91.896596,
       25.593693
      ],
      [
       91.897223,
       25.595328
      ],
      [
       91.897539,
       25.595127
      ],
      [
       91.897835,
       25.593049
      ],
      [
       91.897325,
       25.591553
      ],
      [
       91.896574,
       25.591448
      ],
      [
       91.895871,
       25.59166
      ],
      [
       91.895673,
       25.591917
      ],
      [
       91.89508,
       25.592009
      ],
      [
       91.894922,
       25.591859
      ],
      [
       91.895024,
       25.591603
      ],
      [
       91.89541,
       25.591313
      ],
      [
       91.895126,
       25.591332
      ],
      [
       91.895432,
       25.590853
      ],
      [
       91.895346,
       25.590466
      ],
      [
       91.894745,
       25.590935
      ],
      [
       91.894214,
       25.590853
      ],
      [
       91.894156,
       25.591474
      ],
      [
       91.892211,
       25.590218
      ],
      [
       91.891609,
       25.589685
      ],
      [
       91.891462,
       25.589377
      ],
      [
       91.891582,
       25.58896
      ],
      [
       91.891979,
       25.588749
      ],
      [
       91.892981,
       25.589156
      ],
      [
       91.893242,
       25.588194
      ],
      [
       91.892235,
       25.587268
      ],
      [
       91.890985,
       25.586542
      ],
      [
       91.889445,
       25.586745
      ],
      [
       91.889117,
       25.587851
      ],
      [
       91.888184,
       25.588199
      ],
      [
       91.88819,
       25.588584
      ],
      [
       91.888658,
       25.589508
      ],
      [
       91.888544,
       25.590596
      ],
      [
       91.889314,
       25.591596
      ],
      [
       91.889453,
       25.592071
      ]
     ]
    ]
   }
  },
  {
   "type": "Feature",
   "properties": {
    "name": "trees",
    "kind": "advisory",
    "severity": 2,
    "osm_id": 1334978813,
    "source": "OpenStreetMap"
   },
   "geometry": {
    "type": "Polygon",
    "coordinates": [
     [
      [
       91.914848,
       25.585671
      ],
      [
       91.916685,
       25.585626
      ],
      [
       91.917094,
       25.585867
      ],
      [
       91.917727,
       25.585618
      ],
      [
       91.917453,
       25.585309
      ],
      [
       91.916724,
       25.585115
      ],
      [
       91.916581,
       25.585291
      ],
      [
       91.916083,
       25.584988
      ],
      [
       91.91504,
       25.585322
      ]
     ]
    ]
   }
  },
  {
   "type": "Feature",
   "properties": {
    "name": "Law I Nah Koh Yo",
    "kind": "advisory",
    "severity": 2,
    "osm_id": 1137328768,
    "source": "OpenStreetMap"
   },
   "geometry": {
    "type": "Polygon",
    "coordinates": [
     [
      [
       91.963708,
       25.685411
      ],
      [
       91.963399,
       25.685282
      ],
      [
       91.963177,
       25.685587
      ],
      [
       91.963824,
       25.685796
      ],
      [
       91.964567,
       25.685697
      ],
      [
       91.964777,
       25.685474
      ],
      [
       91.963766,
       25.685395
      ]
     ]
    ]
   }
  },
  {
   "type": "Feature",
   "properties": {
    "name": "MeECL Office",
    "kind": "advisory",
    "severity": 2,
    "osm_id": 975457697,
    "source": "OpenStreetMap"
   },
   "geometry": {
    "type": "Polygon",
    "coordinates": [
     [
      [
       91.868415,
       25.586239
      ],
      [
       91.868306,
       25.585924
      ],
      [
       91.868602,
       25.58594
      ],
      [
       91.868625,
       25.585732
      ],
      [
       91.869448,
       25.585927
      ],
      [
       91.869085,
       25.586295
      ],
      [
       91.868652,
       25.586279
      ]
     ]
    ]
   }
  },
  {
   "type": "Feature",
   "properties": {
    "name": "Deep Water 1",
    "kind": "caution",
    "severity": 4,
    "osm_id": 271685901,
    "source": "OpenStreetMap"
   },
   "geometry": {
    "type": "Polygon",
    "coordinates": [
     [
      [
       92.00649,
       25.726595
      ],
      [
       92.006788,
       25.726281
      ],
      [
       92.006805,
       25.725774
      ],
      [
       92.006137,
       25.725305
      ],
      [
       92.005624,
       25.7245
      ],
      [
       92.005164,
       25.724172
      ],
      [
       92.005148,
       25.723295
      ],
      [
       92.004804,
       25.72247
      ],
      [
       92.005113,
       25.722191
      ],
      [
       92.006182,
       25.72211
      ],
      [
       92.006316,
       25.720989
      ],
      [
       92.005686,
       25.719957
      ],
      [
       92.00309,
       25.71803
      ],
      [
       92.002561,
       25.716934
      ],
      [
       92.001762,
       25.716216
      ],
      [
       91.998683,
       25.715027
      ],
      [
       91.998051,
       25.714199
      ],
      [
       91.996459,
       25.71359
      ],
      [
       91.996624,
       25.712609
      ],
      [
       91.995287,
       25.71111
      ],
      [
       91.994973,
       25.710148
      ],
      [
       91.994474,
       25.71001
      ],
      [
       91.993472,
       25.710439
      ],
      [
       91.99216,
       25.71038
      ],
      [
       91.991403,
       25.710612
      ],
      [
       91.989881,
       25.710086
      ],
      [
       91.989773,
       25.708862
      ],
      [
       91.989958,
       25.707176
      ],
      [
       91.989268,
       25.705967
      ],
      [
       91.988509,
       25.705257
      ],
      [
       91.988113,
       25.703433
      ],
      [
       91.987941,
       25.703189
      ],
      [
       91.987453,
       25.703137
      ],
      [
       91.986755,
       25.702634
      ],
      [
       91.986007,
       25.70117
      ],
      [
       91.983792,
       25.700729
      ],
      [
       91.981453,
       25.698834
      ],
      [
       91.98108,
       25.698224
      ],
      [
       91.98131,
       25.696849
      ],
      [
       91.981096,
       25.695293
      ],
      [
       91.979991,
       25.694249
      ],
      [
       91.978373,
       25.694086
      ],
      [
       91.979114,
       25.692661
      ],
      [
       91.979071,
       25.692283
      ],
      [
       91.979377,
       25.692168
      ],
      [
       91.97928,
       25.691855
      ],
      [
       91.977982,
       25.690526
      ],
      [
       91.976743,
       25.690858
      ],
      [
       91.975712,
       25.689888
      ],
      [
       91.975849,
       25.688655
      ],
      [
       91.975503,
       25.687937
      ],
      [
       91.974822,
       25.687211
      ],
      [
       91.974607,
       25.687608
      ],
      [
       91.973942,
       25.687226
      ],
      [
       91.973829,
       25.687656
      ],
      [
       91.974044,
       25.688048
      ],
      [
       91.974157,
       25.68929
      ],
      [
       91.973915,
       25.689817
      ],
      [
       91.973679,
       25.689928
      ],
      [
       91.971823,
       25.689928
      ],
      [
       91.968497,
       25.690547
      ],
      [
       91.967741,
       25.69032
      ],
      [
       91.967006,
       25.690649
      ],
      [
       91.966577,
       25.690508
      ],
      [
       91.965847,
       25.689425
      ],
      [
       91.965445,
       25.688028
      ],
      [
       91.963111,
       25.686138
      ],
      [
       91.961582,
       25.686346
      ],
      [
       91.960584,
       25.687719
      ],
      [
       91.960112,
       25.68799
      ],
      [
       91.959463,
       25.687937
      ],
      [
       91.958986,
       25.687066
      ],
      [
       91.957876,
       25.683474
      ],
      [
       91.958192,
       25.68259
      ],
      [
       91.958804,
       25.681937
      ],
      [
       91.958755,
       25.681715
      ],
      [
       91.957563,
       25.680304
      ],
      [
       91.956862,
       25.679979
      ],
      [
       91.956052,
       25.679907
      ],
      [
       91.954158,
       25.680646
      ],
      [
       91.953638,
       25.680627
      ],
      [
       91.952457,
       25.68172
      ],
      [
       91.951706,
       25.681768
      ],
      [
       91.950966,
       25.681497
      ],
      [
       91.950247,
       25.681782
      ],
      [
       91.950821,
       25.68345
      ],
      [
       91.951824,
       25.685089
      ],
      [
       91.953005,
       25.685524
      ],
      [
       91.953927,
       25.686743
      ],
      [
       91.953868,
       25.687187
      ],
      [
       91.95367,
       25.687255
      ],
      [
       91.950376,
       25.685708
      ],
      [
       91.948735,
       25.68405
      ],
      [
       91.94653,
       25.681043
      ],
      [
       91.944416,
       25.679268
      ],
      [
       91.943386,
       25.677315
      ],
      [
       91.942099,
       25.675715
      ],
      [
       91.940329,
       25.674414
      ],
      [
       91.938859,
       25.673757
      ],
      [
       91.937593,
       25.673641
      ],
      [
       91.936901,
       25.673138
      ],
      [
       91.933961,
       25.672891
      ],
      [
       91.932003,
       25.671808
      ],
      [
       91.931118,
       25.671692
      ],
      [
       91.930131,
       25.671078
      ],
      [
       91.928693,
       25.669797
      ],
      [
       91.928639,
       25.66927
      ],
      [
       91.928366,
       25.669164
      ],
      [
       91.924911,
       25.669038
      ],
      [
       91.922283,
       25.669459
      ],
      [
       91.921489,
       25.669493
      ],
      [
       91.92107,
       25.669318
      ],
      [
       91.920625,
       25.669072
      ],
      [
       91.920432,
       25.66854
      ],
      [
       91.920748,
       25.66518
      ],
      [
       91.920459,
       25.6643
      ],
      [
       91.919477,
       25.663782
      ],
      [
       91.917621,
       25.663255
      ],
      [
       91.914569,
       25.661548
      ],
      [
       91.913582,
       25.66165
      ],
      [
       91.911682,
       25.660354
      ],
      [
       91.911076,
       25.660228
      ],
      [
       91.909429,
       25.660842
      ],
      [
       91.908952,
       25.660692
      ],
      [
       91.908507,
       25.660078
      ],
      [
       91.908206,
       25.65826
      ],
      [
       91.907686,
       25.657883
      ],
      [
       91.904671,
       25.657786
      ],
      [
       91.90178,
       25.658696
      ],
      [
       91.900622,
       25.658726
      ],
      [
       91.900787,
       25.659121
      ],
      [
       91.901756,
       25.659092
      ],
      [
       91.906372,
       25.657977
      ],
      [
       91.907563,
       25.65806
      ],
      [
       91.908115,
       25.65893
      ],
      [
       91.907914,
       25.660049
      ],
      [
       91.909504,
       25.661229
      ],
      [
       91.910483,
       25.660569
      ],
      [
       91.911379,
       25.66046
      ],
      [
       91.913311,
       25.661793
      ],
      [
       91.91396,
       25.66194
      ],
      [
       91.914496,
       25.661672
      ],
      [
       91.916779,
       25.663197
      ],
      [
       91.91989,
       25.664154
      ],
      [
       91.920384,
       25.664464
      ],
      [
       91.92055,
       25.665291
      ],
      [
       91.919836,
       25.668424
      ],
      [
       91.919976,
       25.668869
      ],
      [
       91.920856,
       25.669705
      ],
      [
       91.92129,
       25.669807
      ],
      [
       91.924943,
       25.669304
      ],
      [
       91.928157,
       25.669444
      ],
      [
       91.929546,
       25.670812
      ],
      [
       91.93041,
       25.672045
      ],
      [
       91.931724,
       25.671944
      ],
      [
       91.933762,
       25.673099
      ],
      [
       91.934551,
       25.673336
      ],
      [
       91.935608,
       25.673293
      ],
      [
       91.936238,
       25.673554
      ],
      [
       91.936616,
       25.673435
      ],
      [
       91.937531,
       25.673776
      ],
      [
       91.93748,
       25.673904
      ],
      [
       91.939001,
       25.674015
      ],
      [
       91.940937,
       25.674963
      ],
      [
       91.942142,
       25.675961
      ],
      [
       91.943354,
       25.67777
      ],
      [
       91.943928,
       25.679133
      ],
      [
       91.946492,
       25.681376
      ],
      [
       91.949115,
       25.684905
      ],
      [
       91.950435,
       25.686158
      ],
      [
       91.953466,
       25.687468
      ],
      [
       91.954271,
       25.687535
      ],
      [
       91.954544,
       25.687124
      ],
      [
       91.95456,
       25.68668
      ],
      [
       91.95316,
       25.685195
      ],
      [
       91.95183,
       25.68447
      ],
      [
       91.951159,
       25.683426
      ],
      [
       91.95073,
       25.682363
      ],
      [
       91.950773,
       25.681966
      ],
      [
       91.951706,
       25.681923
      ],
      [
       91.952806,
       25.682198
      ],
      [
       91.953219,
       25.681604
      ],
      [
       91.954405,
       25.680888
      ],
      [
       91.956851,
       25.68038
      ],
      [
       91.95725,
       25.680501
      ],
      [
       91.957546,
       25.680945
      ],
      [
       91.957586,
       25.681733
      ],
      [
       91.957268,
       25.682677
      ],
      [
       91.957505,
       25.683586
      ],
      [
       91.957398,
       25.684253
      ],
      [
       91.95884,
       25.687936
      ],
      [
       91.95934,
       25.688198
      ],
      [
       91.95993,
       25.688396
      ],
      [
       91.960644,
       25.688236
      ],
      [
       91.962505,
       25.686743
      ],
      [
       91.963192,
       25.686747
      ],
      [
       91.964313,
       25.687656
      ],
      [
       91.966464,
       25.690721
      ],
      [
       91.967076,
       25.690934
      ],
      [
       91.974441,
       25.690146
      ],
      [
       91.974655,
       25.689919
      ],
      [
       91.974339,
       25.689609
      ],
      [
       91.974495,
       25.689532
      ],
      [
       91.974339,
       25.689179
      ],
      [
       91.97451,
       25.689237
      ],
      [
       91.974645,
       25.688981
      ],
      [
       91.974199,
       25.688357
      ],
      [
       91.974328,
       25.687806
      ],
      [
       91.975127,
       25.687796
      ],
      [
       91.975329,
       25.6888
      ],
      [
       91.97505,
       25.689626
      ],
      [
       91.976429,
       25.690992
      ],
      [
       91.977655,
       25.691261
      ],
      [
       91.978212,
       25.691169
      ],
      [
       91.978711,
       25.691768
      ],
      [
       91.978773,
       25.6923
      ],
      [
       91.978259,
       25.692929
      ],
      [
       91.978011,
       25.694163
      ],
      [
       91.978261,
       25.694405
      ],
      [
       91.979189,
       25.694469
      ],
      [
       91.980445,
       25.695054
      ],
      [
       91.980921,
       25.695551
      ],
      [
       91.980929,
       25.697192
      ],
      [
       91.980495,
       25.698115
      ],
      [
       91.980983,
       25.698359
      ],
      [
       91.981149,
       25.698896
      ],
      [
       91.983524,
       25.701081
      ],
      [
       91.984498,
       25.701536
      ],
      [
       91.985882,
       25.701536
      ],
      [
       91.986441,
       25.702818
      ],
      [
       91.987887,
       25.703761
      ],
      [
       91.988102,
       25.705385
      ],
      [
       91.988314,
       25.705735
      ],
      [
       91.988885,
       25.705907
      ],
      [
       91.989582,
       25.707238
      ],
      [
       91.98884,
       25.708131
      ],
      [
       91.98958,
       25.710259
      ],
      [
       91.990447,
       25.710777
      ],
      [
       91.991045,
       25.710886
      ],
      [
       91.99187,
       25.710644
      ],
      [
       91.994631,
       25.710441
      ],
      [
       91.996165,
       25.712754
      ],
      [
       91.996306,
       25.713928
      ],
      [
       91.997776,
       25.714257
      ],
      [
       91.998442,
       25.715154
      ],
      [
       91.999538,
       25.715772
      ],
      [
       92.001835,
       25.716555
      ],
      [
       92.002454,
       25.717171
      ],
      [
       92.002832,
       25.718113
      ],
      [
       92.004415,
       25.719215
      ],
      [
       92.005906,
       25.720928
      ],
      [
       92.005949,
       25.721757
      ],
      [
       92.005726,
       25.721946
      ],
      [
       92.004799,
       25.721778
      ],
      [
       92.004388,
       25.722052
      ],
      [
       92.004804,
       25.723159
      ],
      [
       92.004922,
       25.724198
      ],
      [
       92.004678,
       25.724303
      ],
      [
       92.005337,
       25.724548
      ],
      [
       92.006236,
       25.726443
      ],
      [
       92.005823,
       25.728359
      ],
      [
       92.006783,
       25.729695
      ],
      [
       92.007585,
       25.730019
      ],
      [
       92.009782,
       25.733351
      ],
      [
       92.010946,
       25.734288
      ],
      [
       92.011211,
       25.734839
      ],
      [
       92.011085,
       25.735129
      ],
      [
       92.009457,
       25.735699
      ],
      [
       92.007698,
       25.735593
      ],
      [
       92.005155,
       25.736059
      ],
      [
       92.003849,
       25.735511
      ],
      [
       92.001553,
       25.734934
      ],
      [
       92.000823,
       25.734172
      ],
      [
       91.998889,
       25.734225
      ],
      [
       91.997425,
       25.734656
      ],
      [
       91.997253,
       25.73509
      ],
      [
       91.997524,
       25.73641
      ],
      [
       91.998353,
       25.737686
      ],
      [
       91.999024,
       25.738067
      ],
      [
       92.000421,
       25.737869
      ],
      [
       92.002046,
       25.739248
      ],
      [
       92.002459,
       25.740162
      ],
      [
       92.002191,
       25.740677
      ],
      [
       92.001743,
       25.740932
      ],
      [
       92.001958,
       25.741128
      ],
      [
       92.001762,
       25.742694
      ],
      [
       92.002084,
       25.743085
      ],
      [
       92.003497,
       25.743375
      ],
      [
       92.004527,
       25.742667
      ],
      [
       92.005155,
       25.741875
      ],
      [
       92.005654,
       25.741686
      ],
      [
       92.007089,
       25.742324
      ],
      [
       92.008977,
       25.742723
      ],
      [
       92.010353,
       25.743885
      ],
      [
       92.011233,
       25.743559
      ],
      [
       92.01347,
       25.744784
      ],
      [
       92.013521,
       25.744547
      ],
      [
       92.011764,
       25.743416
      ],
      [
       92.010109,
       25.743305
      ],
      [
       92.008865,
       25.742389
      ],
      [
       92.00692,
       25.741993
      ],
      [
       92.005713,
       25.741375
      ],
      [
       92.004946,
       25.741599
      ],
      [
       92.003736,
       25.742964
      ],
      [
       92.002113,
       25.742754
      ],
      [
       92.002084,
       25.741077
      ],
      [
       92.002645,
       25.740739
      ],
      [
       92.002899,
       25.74013
      ],
      [
       92.002795,
       25.73979
      ],
      [
       92.002615,
       25.740007
      ],
      [
       92.002304,
       25.739176
      ],
      [
       92.002382,
       25.738951
      ],
      [
       92.00088,
       25.738007
      ],
      [
       92.000493,
       25.737558
      ],
      [
       92.0007,
       25.737502
      ],
      [
       92.000306,
       25.737216
      ],
      [
       92.000062,
       25.737113
      ],
      [
       91.999235,
       25.737533
      ],
      [
       91.999026,
       25.73747
      ],
      [
       91.998436,
       25.73712
      ],
      [
       91.998087,
       25.736531
      ],
      [
       91.997859,
       25.735238
      ],
      [
       91.997674,
       25.735018
      ],
      [
       91.998643,
       25.734506
      ],
      [
       92.000609,
       25.734266
      ],
      [
       92.000981,
       25.734472
      ],
      [
       92.001263,
       25.735107
      ],
      [
       92.00192,
       25.735477
      ],
      [
       92.002709,
       25.735796
      ],
      [
       92.002602,
       25.735615
      ],
      [
       92.003194,
       25.735557
      ],
      [
       92.003841,
       25.73605
      ],
      [
       92.005096,
       25.736403
      ],
      [
       92.00755,
       25.735813
      ],
      [
       92.009519,
       25.735999
      ],
      [
       92.011217,
       25.735494
      ],
      [
       92.011684,
       25.735163
      ],
      [
       92.011104,
       25.73408
      ],
      [
       92.007497,
       25.729497
      ],
      [
       92.006815,
       25.729195
      ],
      [
       92.006214,
       25.728552
      ],
      [
       92.006474,
       25.726787
      ]
     ]
    ]
   }
  },
  {
   "type": "Feature",
   "properties": {
    "name": "Deep Water 2",
    "kind": "caution",
    "severity": 4,
    "osm_id": 332885843,
    "source": "OpenStreetMap"
   },
   "geometry": {
    "type": "Polygon",
    "coordinates": [
     [
      [
       91.998456,
       25.574391
      ],
      [
       91.99889,
       25.573942
      ],
      [
       92.000236,
       25.574478
      ],
      [
       92.001337,
       25.574191
      ],
      [
       92.00158,
       25.5737
      ],
      [
       92.00139,
       25.573052
      ],
      [
       92.002539,
       25.572291
      ],
      [
       92.002664,
       25.571606
      ],
      [
       92.00358,
       25.570377
      ],
      [
       92.003248,
       25.569599
      ],
      [
       92.003332,
       25.569294
      ],
      [
       92.00408,
       25.568667
      ],
      [
       92.005697,
       25.569326
      ],
      [
       92.006685,
       25.570024
      ],
      [
       92.008427,
       25.569971
      ],
      [
       92.011008,
       25.571092
      ],
      [
       92.01286,
       25.572295
      ],
      [
       92.013627,
       25.571651
      ],
      [
       92.014436,
       25.57044
      ],
      [
       92.013892,
       25.570452
      ],
      [
       92.013127,
       25.571634
      ],
      [
       92.012777,
       25.571778
      ],
      [
       92.009038,
       25.569991
      ],
      [
       92.008236,
       25.569707
      ],
      [
       92.006738,
       25.56983
      ],
      [
       92.005041,
       25.568734
      ],
      [
       92.003924,
       25.568492
      ],
      [
       92.003281,
       25.568932
      ],
      [
       92.003131,
       25.569257
      ],
      [
       92.003062,
       25.569647
      ],
      [
       92.003353,
       25.570271
      ],
      [
       92.002551,
       25.571338
      ],
      [
       92.002295,
       25.572328
      ],
      [
       92.001977,
       25.572603
      ],
      [
       92.001546,
       25.572624
      ],
      [
       92.001236,
       25.572948
      ],
      [
       92.001377,
       25.573671
      ],
      [
       92.001213,
       25.574064
      ],
      [
       92.000196,
       25.574198
      ],
      [
       91.999125,
       25.573767
      ],
      [
       91.998558,
       25.574006
      ],
      [
       91.99792,
       25.574586
      ],
      [
       91.995465,
       25.573734
      ],
      [
       91.9949,
       25.573747
      ],
      [
       91.994004,
       25.574058
      ],
      [
       91.993924,
       25.574568
      ],
      [
       91.993684,
       25.574795
      ],
      [
       91.9921,
       25.574568
      ],
      [
       91.991478,
       25.574769
      ],
      [
       91.990394,
       25.575679
      ],
      [
       91.990106,
       25.576295
      ],
      [
       91.989698,
       25.576424
      ],
      [
       91.988366,
       25.575603
      ],
      [
       91.987883,
       25.57549
      ],
      [
       91.986628,
       25.574181
      ],
      [
       91.985477,
       25.57472
      ],
      [
       91.985088,
       25.575395
      ],
      [
       91.985326,
       25.577344
      ],
      [
       91.984272,
       25.577527
      ],
      [
       91.984052,
       25.578296
      ],
      [
       91.984032,
       25.579849
      ],
      [
       91.982694,
       25.578337
      ],
      [
       91.980403,
       25.578226
      ],
      [
       91.980534,
       25.577576
      ],
      [
       91.981023,
       25.577274
      ],
      [
       91.981075,
       25.577045
      ],
      [
       91.98096,
       25.576268
      ],
      [
       91.980326,
       25.574703
      ],
      [
       91.979324,
       25.57453
      ],
      [
       91.977686,
       25.57487
      ],
      [
       91.977106,
       25.575346
      ],
      [
       91.976467,
       25.576786
      ],
      [
       91.97613,
       25.576853
      ],
      [
       91.975476,
       25.57658
      ],
      [
       91.975382,
       25.576268
      ],
      [
       91.97466,
       25.575733
      ],
      [
       91.974503,
       25.574012
      ],
      [
       91.972068,
       25.571667
      ],
      [
       91.97114,
       25.569898
      ],
      [
       91.96997,
       25.568991
      ],
      [
       91.969955,
       25.568646
      ],
      [
       91.970675,
       25.567176
      ],
      [
       91.970364,
       25.565744
      ],
      [
       91.969119,
       25.565206
      ],
      [
       91.967752,
       25.565119
      ],
      [
       91.966804,
       25.565327
      ],
      [
       91.966479,
       25.565188
      ],
      [
       91.96631,
       25.564256
      ],
      [
       91.966872,
       25.562568
      ],
      [
       91.966176,
       25.564176
      ],
      [
       91.966176,
       25.565092
      ],
      [
       91.966385,
       25.565547
      ],
      [
       91.967169,
       25.565607
      ],
      [
       91.967526,
       25.56537
      ],
      [
       91.969073,
       25.565323
      ],
      [
       91.969978,
       25.565717
      ],
      [
       91.970284,
       25.566093
      ],
      [
       91.970455,
       25.567208
      ],
      [
       91.969604,
       25.568815
      ],
      [
       91.970835,
       25.570087
      ],
      [
       91.972396,
       25.572338
      ],
      [
       91.974192,
       25.573944
      ],
      [
       91.974332,
       25.576238
      ],
      [
       91.974546,
       25.57674
      ],
      [
       91.975022,
       25.57697
      ],
      [
       91.976504,
       25.577046
      ],
      [
       91.976811,
       25.576839
      ],
      [
       91.977126,
       25.575826
      ],
      [
       91.977832,
       25.575163
      ],
      [
       91.978922,
       25.574789
      ],
      [
       91.979895,
       25.57488
      ],
      [
       91.980371,
       25.575302
      ],
      [
       91.980747,
       25.576347
      ],
      [
       91.980541,
       25.577155
      ],
      [
       91.980129,
       25.5778
      ],
      [
       91.980158,
       25.57841
      ],
      [
       91.982564,
       25.578657
      ],
      [
       91.983429,
       25.58023
      ],
      [
       91.984023,
       25.580318
      ],
      [
       91.984505,
       25.579901
      ],
      [
       91.984471,
       25.577866
      ],
      [
       91.985526,
       25.577466
      ],
      [
       91.985385,
       25.575305
      ],
      [
       91.985724,
       25.574828
      ],
      [
       91.9864,
       25.574433
      ],
      [
       91.986765,
       25.574533
      ],
      [
       91.987526,
       25.575482
      ],
      [
       91.989934,
       25.576776
      ],
      [
       91.991721,
       25.574854
      ],
      [
       91.994123,
       25.574914
      ],
      [
       91.994284,
       25.574668
      ],
      [
       91.994129,
       25.574337
      ],
      [
       91.994849,
       25.573916
      ],
      [
       91.995481,
       25.573916
      ],
      [
       91.996775,
       25.574675
      ],
      [
       91.996967,
       25.574564
      ],
      [
       91.998034,
       25.574739
      ],
      [
       91.9984,
       25.574468
      ]
     ]
    ]
   }
  },
  {
   "type": "Feature",
   "properties": {
    "name": "Deep Water 3",
    "kind": "caution",
    "severity": 4,
    "osm_id": 279728213,
    "source": "OpenStreetMap"
   },
   "geometry": {
    "type": "Polygon",
    "coordinates": [
     [
      [
       91.850024,
       25.597114
      ],
      [
       91.849571,
       25.597208
      ],
      [
       91.849545,
       25.598031
      ],
      [
       91.849156,
       25.598989
      ],
      [
       91.851267,
       25.604053
      ],
      [
       91.85118,
       25.605464
      ],
      [
       91.851964,
       25.607416
      ],
      [
       91.853275,
       25.60845
      ],
      [
       91.855716,
       25.609787
      ],
      [
       91.858994,
       25.611089
      ],
      [
       91.861355,
       25.612812
      ],
      [
       91.862014,
       25.613793
      ],
      [
       91.862062,
       25.614135
      ],
      [
       91.861609,
       25.614878
      ],
      [
       91.861486,
       25.61636
      ],
      [
       91.860314,
       25.617407
      ],
      [
       91.858346,
       25.618347
      ],
      [
       91.858267,
       25.61897
      ],
      [
       91.858501,
       25.61943
      ],
      [
       91.85937,
       25.619958
      ],
      [
       91.86062,
       25.620087
      ],
      [
       91.862101,
       25.619958
      ],
      [
       91.864832,
       25.620374
      ],
      [
       91.865697,
       25.619958
      ],
      [
       91.866505,
       25.619895
      ],
      [
       91.866985,
       25.6201
      ],
      [
       91.867279,
       25.620509
      ],
      [
       91.867076,
       25.621493
      ],
      [
       91.867476,
       25.6224
      ],
      [
       91.868927,
       25.622549
      ],
      [
       91.869205,
       25.622498
      ],
      [
       91.869216,
       25.62221
      ],
      [
       91.870109,
       25.621991
      ],
      [
       91.8704,
       25.622303
      ],
      [
       91.87103,
       25.622392
      ],
      [
       91.87124,
       25.6227
      ],
      [
       91.870913,
       25.62336
      ],
      [
       91.870985,
       25.623878
      ],
      [
       91.87207,
       25.624812
      ],
      [
       91.873239,
       25.62627
      ],
      [
       91.873306,
       25.628602
      ],
      [
       91.873547,
       25.62908
      ],
      [
       91.874007,
       25.628845
      ],
      [
       91.873892,
       25.627399
      ],
      [
       91.873447,
       25.626102
      ],
      [
       91.872476,
       25.624813
      ],
      [
       91.871396,
       25.623766
      ],
      [
       91.871358,
       25.623272
      ],
      [
       91.871774,
       25.622552
      ],
      [
       91.871545,
       25.622196
      ],
      [
       91.870556,
       25.621976
      ],
      [
       91.869985,
       25.621577
      ],
      [
       91.869014,
       25.621509
      ],
      [
       91.868862,
       25.621555
      ],
      [
       91.868883,
       25.621882
      ],
      [
       91.867899,
       25.622156
      ],
      [
       91.867554,
       25.620203
      ],
      [
       91.866637,
       25.619484
      ],
      [
       91.864504,
       25.619981
      ],
      [
       91.861044,
       25.619548
      ],
      [
       91.859966,
       25.619803
      ],
      [
       91.859174,
       25.619507
      ],
      [
       91.858515,
       25.618848
      ],
      [
       91.858621,
       25.618578
      ],
      [
       91.859324,
       25.618153
      ],
      [
       91.860986,
       25.617376
      ],
      [
       91.861705,
       25.616683
      ],
      [
       91.86193,
       25.616247
      ],
      [
       91.862023,
       25.615015
      ],
      [
       91.86236,
       25.614223
      ],
      [
       91.862244,
       25.61337
      ],
      [
       91.860868,
       25.61184
      ],
      [
       91.859123,
       25.61064
      ],
      [
       91.856132,
       25.60967
      ],
      [
       91.853177,
       25.608007
      ],
      [
       91.852008,
       25.606913
      ],
      [
       91.851615,
       25.605555
      ],
      [
       91.851427,
       25.603457
      ],
      [
       91.850315,
       25.601364
      ],
      [
       91.849549,
       25.599184
      ],
      [
       91.850015,
       25.597348
      ]
     ]
    ]
   }
  },
  {
   "type": "Feature",
   "properties": {
    "name": "Deep Water 4",
    "kind": "caution",
    "severity": 4,
    "osm_id": 499438073,
    "source": "OpenStreetMap"
   },
   "geometry": {
    "type": "Polygon",
    "coordinates": [
     [
      [
       91.850015,
       25.597348
      ],
      [
       91.851216,
       25.597351
      ],
      [
       91.851536,
       25.596598
      ],
      [
       91.8534,
       25.596787
      ],
      [
       91.854152,
       25.597058
      ],
      [
       91.855337,
       25.598073
      ],
      [
       91.856033,
       25.598221
      ],
      [
       91.856697,
       25.596099
      ],
      [
       91.85769,
       25.595187
      ],
      [
       91.857656,
       25.594124
      ],
      [
       91.85855,
       25.592728
      ],
      [
       91.858236,
       25.591499
      ],
      [
       91.85835,
       25.591377
      ],
      [
       91.859292,
       25.590803
      ],
      [
       91.861414,
       25.590331
      ],
      [
       91.862355,
       25.589096
      ],
      [
       91.863219,
       25.588879
      ],
      [
       91.864002,
       25.588325
      ],
      [
       91.865147,
       25.587972
      ],
      [
       91.865548,
       25.587916
      ],
      [
       91.866568,
       25.588282
      ],
      [
       91.866441,
       25.58906
      ],
      [
       91.866739,
       25.589551
      ],
      [
       91.867708,
       25.589554
      ],
      [
       91.868386,
       25.589092
      ],
      [
       91.86901,
       25.588316
      ],
      [
       91.869433,
       25.587494
      ],
      [
       91.869348,
       25.587136
      ],
      [
       91.870109,
       25.586724
      ],
      [
       91.869272,
       25.586978
      ],
      [
       91.869302,
       25.587501
      ],
      [
       91.867781,
       25.589238
      ],
      [
       91.86704,
       25.589428
      ],
      [
       91.866702,
       25.589326
      ],
      [
       91.866712,
       25.588345
      ],
      [
       91.86651,
       25.588045
      ],
      [
       91.865471,
       25.587781
      ],
      [
       91.864373,
       25.587956
      ],
      [
       91.86372,
       25.587584
      ],
      [
       91.863788,
       25.58832
      ],
      [
       91.862144,
       25.588937
      ],
      [
       91.861411,
       25.590196
      ],
      [
       91.859093,
       25.590714
      ],
      [
       91.858144,
       25.591328
      ],
      [
       91.858412,
       25.592463
      ],
      [
       91.857478,
       25.594086
      ],
      [
       91.857546,
       25.595047
      ],
      [
       91.856656,
       25.595819
      ],
      [
       91.856032,
       25.597726
      ],
      [
       91.855773,
       25.598013
      ],
      [
       91.855301,
       25.597835
      ],
      [
       91.854169,
       25.596882
      ],
      [
       91.853395,
       25.59662
      ],
      [
       91.852853,
       25.59669
      ],
      [
       91.851675,
       25.59644
      ],
      [
       91.851261,
       25.596606
      ],
      [
       91.851157,
       25.597158
      ],
      [
       91.850024,
       25.597114
      ]
     ]
    ]
   }
  },
  {
   "type": "Feature",
   "properties": {
    "name": "Deep Water 5",
    "kind": "caution",
    "severity": 4,
    "osm_id": 336052621,
    "source": "OpenStreetMap"
   },
   "geometry": {
    "type": "Polygon",
    "coordinates": [
     [
      [
       91.904671,
       25.657786
      ],
      [
       91.902379,
       25.657774
      ],
      [
       91.900998,
       25.657429
      ],
      [
       91.900426,
       25.657118
      ],
      [
       91.900253,
       25.656833
      ],
      [
       91.900362,
       25.656504
      ],
      [
       91.899447,
       25.656046
      ],
      [
       91.899144,
       25.655502
      ],
      [
       91.899524,
       25.653539
      ],
      [
       91.900554,
       25.652913
      ],
      [
       91.900854,
       25.652356
      ],
      [
       91.902261,
       25.651258
      ],
      [
       91.902446,
       25.650899
      ],
      [
       91.902528,
       25.650482
      ],
      [
       91.902234,
       25.649457
      ],
      [
       91.902488,
       25.648898
      ],
      [
       91.902034,
       25.647805
      ],
      [
       91.90213,
       25.647564
      ],
      [
       91.902611,
       25.647591
      ],
      [
       91.902767,
       25.64728
      ],
      [
       91.902599,
       25.64703
      ],
      [
       91.901349,
       25.646904
      ],
      [
       91.902195,
       25.64527
      ],
      [
       91.901224,
       25.646963
      ],
      [
       91.901563,
       25.647149
      ],
      [
       91.902595,
       25.647206
      ],
      [
       91.902604,
       25.647435
      ],
      [
       91.902085,
       25.64743
      ],
      [
       91.901914,
       25.647695
      ],
      [
       91.902369,
       25.648783
      ],
      [
       91.902097,
       25.649662
      ],
      [
       91.90238,
       25.650691
      ],
      [
       91.902153,
       25.65116
      ],
      [
       91.900786,
       25.652309
      ],
      [
       91.900491,
       25.652846
      ],
      [
       91.899413,
       25.65357
      ],
      [
       91.898988,
       25.655358
      ],
      [
       91.899409,
       25.656129
      ],
      [
       91.900237,
       25.656568
      ],
      [
       91.900031,
       25.656791
      ],
      [
       91.900135,
       25.656972
      ],
      [
       91.90099,
       25.657549
      ],
      [
       91.902168,
       25.657849
      ],
      [
       91.904347,
       25.657926
      ]
     ]
    ]
   }
  },
  {
   "type": "Feature",
   "properties": {
    "name": "Deep Water 6",
    "kind": "caution",
    "severity": 4,
    "osm_id": 131480188,
    "source": "OpenStreetMap"
   },
   "geometry": {
    "type": "Polygon",
    "coordinates": [
     [
      [
       91.840199,
       25.539557
      ],
      [
       91.842367,
       25.539586
      ],
      [
       91.842184,
       25.538957
      ],
      [
       91.843153,
       25.539064
      ],
      [
       91.843246,
       25.538928
      ],
      [
       91.842388,
       25.538386
      ],
      [
       91.842216,
       25.538705
      ],
      [
       91.840996,
       25.538502
      ],
      [
       91.839784,
       25.537563
      ],
      [
       91.839706,
       25.537108
      ],
      [
       91.839459,
       25.537118
      ],
      [
       91.839212,
       25.537795
      ],
      [
       91.839277,
       25.538473
      ],
      [
       91.839127,
       25.538541
      ],
      [
       91.839545,
       25.539005
      ]
     ]
    ]
   }
  },
  {
   "type": "Feature",
   "properties": {
    "name": "Deep Water 7",
    "kind": "caution",
    "severity": 4,
    "osm_id": 951560321,
    "source": "OpenStreetMap"
   },
   "geometry": {
    "type": "Polygon",
    "coordinates": [
     [
      [
       91.897179,
       25.607686
      ],
      [
       91.896931,
       25.608052
      ],
      [
       91.897665,
       25.607995
      ],
      [
       91.897928,
       25.608317
      ],
      [
       91.898707,
       25.608549
      ],
      [
       91.89874,
       25.608349
      ],
      [
       91.897337,
       25.60756
      ]
     ]
    ]
   }
  },
  {
   "type": "Feature",
   "properties": {
    "name": "Deep Water 8",
    "kind": "caution",
    "severity": 4,
    "osm_id": 1265941818,
    "source": "OpenStreetMap"
   },
   "geometry": {
    "type": "Polygon",
    "coordinates": [
     [
      [
       91.808651,
       25.520578
      ],
      [
       91.809466,
       25.519959
      ],
      [
       91.809305,
       25.519434
      ],
      [
       91.808364,
       25.519567
      ],
      [
       91.808246,
       25.519746
      ],
      [
       91.8085,
       25.520353
      ]
     ]
    ]
   }
  },
  {
   "type": "Feature",
   "properties": {
    "name": "Deep Water 9",
    "kind": "caution",
    "severity": 4,
    "osm_id": 951560322,
    "source": "OpenStreetMap"
   },
   "geometry": {
    "type": "Polygon",
    "coordinates": [
     [
      [
       91.898955,
       25.608476
      ],
      [
       91.898859,
       25.608795
      ],
      [
       91.899796,
       25.609551
      ],
      [
       91.900103,
       25.609055
      ],
      [
       91.899012,
       25.608474
      ]
     ]
    ]
   }
  },
  {
   "type": "Feature",
   "properties": {
    "name": "Deep Water 10",
    "kind": "caution",
    "severity": 4,
    "osm_id": 271725966,
    "source": "OpenStreetMap"
   },
   "geometry": {
    "type": "Polygon",
    "coordinates": [
     [
      [
       91.916776,
       25.684357
      ],
      [
       91.917602,
       25.684965
      ],
      [
       91.917854,
       25.6847
      ],
      [
       91.916999,
       25.684089
      ]
     ]
    ]
   }
  },
  {
   "type": "Feature",
   "properties": {
    "name": "Deep Water 11",
    "kind": "caution",
    "severity": 4,
    "osm_id": 275873536,
    "source": "OpenStreetMap"
   },
   "geometry": {
    "type": "Polygon",
    "coordinates": [
     [
      [
       91.879937,
       25.566974
      ],
      [
       91.880064,
       25.567168
      ],
      [
       91.881279,
       25.566753
      ],
      [
       91.879991,
       25.566924
      ]
     ]
    ]
   }
  },
  {
   "type": "Feature",
   "properties": {
    "name": "Deep Water 12",
    "kind": "caution",
    "severity": 4,
    "osm_id": 275644206,
    "source": "OpenStreetMap"
   },
   "geometry": {
    "type": "Polygon",
    "coordinates": [
     [
      [
       91.895282,
       25.565749
      ],
      [
       91.895188,
       25.566115
      ],
      [
       91.895824,
       25.56595
      ],
      [
       91.895945,
       25.565561
      ],
      [
       91.895754,
       25.565423
      ],
      [
       91.895434,
       25.565715
      ]
     ]
    ]
   }
  },
  {
   "type": "Feature",
   "properties": {
    "name": "Deep Water 13",
    "kind": "caution",
    "severity": 4,
    "osm_id": 275644201,
    "source": "OpenStreetMap"
   },
   "geometry": {
    "type": "Polygon",
    "coordinates": [
     [
      [
       91.895147,
       25.564944
      ],
      [
       91.895396,
       25.564537
      ],
      [
       91.895541,
       25.564566
      ],
      [
       91.895603,
       25.565045
      ],
      [
       91.895188,
       25.56541
      ],
      [
       91.895163,
       25.565115
      ]
     ]
    ]
   }
  },
  {
   "type": "Feature",
   "properties": {
    "name": "Deep Water 14",
    "kind": "caution",
    "severity": 4,
    "osm_id": 499535781,
    "source": "OpenStreetMap"
   },
   "geometry": {
    "type": "Polygon",
    "coordinates": [
     [
      [
       91.840045,
       25.543985
      ],
      [
       91.839845,
       25.543593
      ],
      [
       91.840389,
       25.543406
      ],
      [
       91.840454,
       25.543846
      ]
     ]
    ]
   }
  },
  {
   "type": "Feature",
   "properties": {
    "name": "Deep Water 15",
    "kind": "caution",
    "severity": 4,
    "osm_id": 271725972,
    "source": "OpenStreetMap"
   },
   "geometry": {
    "type": "Polygon",
    "coordinates": [
     [
      [
       91.917951,
       25.685242
      ],
      [
       91.918184,
       25.685426
      ],
      [
       91.918509,
       25.685114
      ],
      [
       91.91827,
       25.684935
      ]
     ]
    ]
   }
  },
  {
   "type": "Feature",
   "properties": {
    "name": "Deep Water 16",
    "kind": "caution",
    "severity": 4,
    "osm_id": 271725964,
    "source": "OpenStreetMap"
   },
   "geometry": {
    "type": "Polygon",
    "coordinates": [
     [
      [
       91.917677,
       25.685022
      ],
      [
       91.9179,
       25.685203
      ],
      [
       91.918219,
       25.684888
      ],
      [
       91.917997,
       25.684705
      ]
     ]
    ]
   }
  },
  {
   "type": "Feature",
   "properties": {
    "name": "Deep Water 17",
    "kind": "caution",
    "severity": 4,
    "osm_id": 1265941819,
    "source": "OpenStreetMap"
   },
   "geometry": {
    "type": "Polygon",
    "coordinates": [
     [
      [
       91.809506,
       25.519947
      ],
      [
       91.809391,
       25.519472
      ],
      [
       91.809866,
       25.519475
      ],
      [
       91.809583,
       25.51991
      ]
     ]
    ]
   }
  },
  {
   "type": "Feature",
   "properties": {
    "name": "Deep Water 18",
    "kind": "caution",
    "severity": 4,
    "osm_id": 1334978789,
    "source": "OpenStreetMap"
   },
   "geometry": {
    "type": "Polygon",
    "coordinates": [
     [
      [
       91.91331,
       25.625314
      ],
      [
       91.913499,
       25.625438
      ],
      [
       91.913821,
       25.625314
      ],
      [
       91.913482,
       25.625237
      ]
     ]
    ]
   }
  },
  {
   "type": "Feature",
   "properties": {
    "name": "Dense Forest - Weak Signal 1",
    "kind": "advisory",
    "severity": 2,
    "osm_id": 499519251,
    "source": "OpenStreetMap"
   },
   "geometry": {
    "type": "Polygon",
    "coordinates": [
     [
      [
       91.867542,
       25.604482
      ],
      [
       91.866797,
       25.605268
      ],
      [
       91.866073,
       25.605636
      ],
      [
       91.867835,
       25.605873
      ],
      [
       91.868527,
       25.605249
      ],
      [
       91.869115,
       25.604265
      ],
      [
       91.869471,
       25.604634
      ],
      [
       91.869346,
       25.605447
      ],
      [
       91.869975,
       25.605598
      ],
      [
       91.870646,
       25.606554
      ],
      [
       91.871915,
       25.607386
      ],
      [
       91.871296,
       25.608417
      ],
      [
       91.871391,
       25.608824
      ],
      [
       91.871108,
       25.609599
      ],
      [
       91.87073,
       25.610015
      ],
      [
       91.870069,
       25.610261
      ],
      [
       91.870101,
       25.610876
      ],
      [
       91.870363,
       25.611283
      ],
      [
       91.872618,
       25.611377
      ],
      [
       91.87288,
       25.611113
      ],
      [
       91.87288,
       25.610271
      ],
      [
       91.873121,
       25.609845
      ],
      [
       91.873478,
       25.609836
      ],
      [
       91.87373,
       25.611321
      ],
      [
       91.873531,
       25.612399
      ],
      [
       91.87396,
       25.615227
      ],
      [
       91.874349,
       25.615813
      ],
      [
       91.876079,
       25.616693
      ],
      [
       91.876268,
       25.617251
      ],
      [
       91.879121,
       25.619199
      ],
      [
       91.879142,
       25.619454
      ],
      [
       91.878607,
       25.61988
      ],
      [
       91.879373,
       25.620797
      ],
      [
       91.879247,
       25.621166
      ],
      [
       91.878156,
       25.621781
      ],
      [
       91.878408,
       25.622849
      ],
      [
       91.878145,
       25.623152
      ],
      [
       91.87824,
       25.623568
      ],
      [
       91.877957,
       25.624192
      ],
      [
       91.878187,
       25.625478
      ],
      [
       91.877967,
       25.626348
      ],
      [
       91.87868,
       25.626348
      ],
      [
       91.879467,
       25.625904
      ],
      [
       91.880149,
       25.626755
      ],
      [
       91.881072,
       25.626859
      ],
      [
       91.880327,
       25.627152
      ],
      [
       91.880317,
       25.627502
      ],
      [
       91.880705,
       25.627795
      ],
      [
       91.880505,
       25.628344
      ],
      [
       91.880673,
       25.629015
      ],
      [
       91.883264,
       25.628325
      ],
      [
       91.883369,
       25.628467
      ],
      [
       91.882855,
       25.628864
      ],
      [
       91.884564,
       25.630093
      ],
      [
       91.884585,
       25.630471
      ],
      [
       91.882918,
       25.631219
      ],
      [
       91.883033,
       25.631483
      ],
      [
       91.884313,
       25.630992
      ],
      [
       91.883988,
       25.631833
      ],
      [
       91.884417,
       25.631852
      ],
      [
       91.885236,
       25.630784
      ],
      [
       91.885854,
       25.630897
      ],
      [
       91.886452,
       25.631578
      ],
      [
       91.886391,
       25.633015
      ],
      [
       91.886809,
       25.634055
      ],
      [
       91.887816,
       25.634065
      ],
      [
       91.888529,
       25.634292
      ],
      [
       91.890186,
       25.633904
      ],
      [
       91.89048,
       25.634131
      ],
      [
       91.890365,
       25.634509
      ],
      [
       91.886494,
       25.636514
      ],
      [
       91.885917,
       25.636315
      ],
      [
       91.884606,
       25.63658
      ],
      [
       91.883935,
       25.636013
      ],
      [
       91.883484,
       25.636192
      ],
      [
       91.883988,
       25.637696
      ],
      [
       91.885771,
       25.637157
      ],
      [
       91.886956,
       25.637384
      ],
      [
       91.888466,
       25.636505
      ],
      [
       91.889379,
       25.636211
      ],
      [
       91.89006,
       25.636268
      ],
      [
       91.890249,
       25.636599
      ],
      [
       91.889179,
       25.637743
      ],
      [
       91.889358,
       25.638405
      ],
      [
       91.889861,
       25.638698
      ],
      [
       91.890753,
       25.63849
      ],
      [
       91.891267,
       25.638727
      ],
      [
       91.891445,
       25.639436
      ],
      [
       91.892483,
       25.640098
      ],
      [
       91.892892,
       25.639616
      ],
      [
       91.893746,
       25.639137
      ],
      [
       91.894235,
       25.639379
      ],
      [
       91.894476,
       25.639701
      ],
      [
       91.894308,
       25.640221
      ],
      [
       91.893805,
       25.640533
      ],
      [
       91.893532,
       25.641459
      ],
      [
       91.893595,
       25.641856
      ],
      [
       91.894916,
       25.642065
      ],
      [
       91.89563,
       25.64267
      ],
      [
       91.896154,
       25.642708
      ],
      [
       91.896595,
       25.642291
      ],
      [
       91.89649,
       25.641667
      ],
      [
       91.895609,
       25.641516
      ],
      [
       91.894979,
       25.641005
      ],
      [
       91.894937,
       25.64059
      ],
      [
       91.895441,
       25.639493
      ],
      [
       91.895,
       25.638292
      ],
      [
       91.89477,
       25.636353
      ],
      [
       91.893784,
       25.635171
      ],
      [
       91.892934,
       25.633724
      ],
      [
       91.892819,
       25.632599
      ],
      [
       91.892252,
       25.63206
      ],
      [
       91.893563,
       25.63207
      ],
      [
       91.8937,
       25.632363
      ],
      [
       91.89327,
       25.632372
      ],
      [
       91.893186,
       25.633072
      ],
      [
       91.893647,
       25.6338
      ],
      [
       91.89434,
       25.632883
      ],
      [
       91.896007,
       25.633668
      ],
      [
       91.895902,
       25.633961
      ],
      [
       91.894916,
       25.633885
      ],
      [
       91.894591,
       25.634339
      ],
      [
       91.894528,
       25.635048
      ],
      [
       91.895441,
       25.635767
      ],
      [
       91.896238,
       25.636051
      ],
      [
       91.897119,
       25.636656
      ],
      [
       91.897455,
       25.637847
      ],
      [
       91.897853,
       25.638093
      ],
      [
       91.898315,
       25.638018
      ],
      [
       91.898252,
       25.637053
      ],
      [
       91.898441,
       25.636391
      ],
      [
       91.899741,
       25.636164
      ],
      [
       91.900475,
       25.635672
      ],
      [
       91.899888,
       25.634859
      ],
      [
       91.899028,
       25.634651
      ],
      [
       91.897287,
       25.634802
      ],
      [
       91.896595,
       25.634311
      ],
      [
       91.897014,
       25.633422
      ],
      [
       91.894728,
       25.630746
      ],
      [
       91.893207,
       25.629734
      ],
      [
       91.892567,
       25.630349
      ],
      [
       91.891539,
       25.630736
      ],
      [
       91.891256,
       25.630434
      ],
      [
       91.891225,
       25.630055
      ],
      [
       91.890585,
       25.629762
      ],
      [
       91.890805,
       25.629167
      ],
      [
       91.88962,
       25.62859
      ],
      [
       91.888823,
       25.627672
      ],
      [
       91.888078,
       25.627663
      ],
      [
       91.887921,
       25.627502
      ],
      [
       91.888466,
       25.626698
      ],
      [
       91.889295,
       25.626074
      ],
      [
       91.890113,
       25.626055
      ],
      [
       91.890826,
       25.626651
      ],
      [
       91.891865,
       25.626429
      ],
      [
       91.892941,
       25.626816
      ],
      [
       91.895766,
       25.625179
      ],
      [
       91.899197,
       25.628309
      ],
      [
       91.905333,
       25.632167
      ],
      [
       91.907795,
       25.634678
      ],
      [
       91.906222,
       25.638135
      ],
      [
       91.906654,
       25.640027
      ],
      [
       91.908691,
       25.641419
      ],
      [
       91.909699,
       25.64101
      ],
      [
       91.909432,
       25.639285
      ],
      [
       91.911345,
       25.638246
      ],
      [
       91.916016,
       25.640918
      ],
      [
       91.919864,
       25.645314
      ],
      [
       91.920564,
       25.64587
      ],
      [
       91.920193,
       25.646501
      ],
      [
       91.917127,
       25.64472
      ],
      [
       91.916654,
       25.645796
      ],
      [
       91.915152,
       25.646056
      ],
      [
       91.914164,
       25.645425
      ],
      [
       91.912662,
       25.643811
      ],
      [
       91.911345,
       25.644312
      ],
      [
       91.911304,
       25.646445
      ],
      [
       91.911942,
       25.647985
      ],
      [
       91.911633,
       25.648597
      ],
      [
       91.910728,
       25.648412
      ],
      [
       91.910049,
       25.646798
      ],
      [
       91.908866,
       25.646225
      ],
      [
       91.907991,
       25.645221
      ],
      [
       91.906839,
       25.645082
      ],
      [
       91.90508,
       25.643756
      ],
      [
       91.903588,
       25.643283
      ],
      [
       91.902487,
       25.644275
      ],
      [
       91.90186,
       25.644553
      ],
      [
       91.901253,
       25.644043
      ],
      [
       91.900985,
       25.643338
      ],
      [
       91.900214,
       25.643913
      ],
      [
       91.898794,
       25.643051
      ],
      [
       91.897436,
       25.642986
      ],
      [
       91.896644,
       25.643635
      ],
      [
       91.896726,
       25.644219
      ],
      [
       91.899432,
       25.645564
      ],
      [
       91.899761,
       25.645991
      ],
      [
       91.899607,
       25.646139
      ],
      [
       91.898403,
       25.64639
      ],
      [
       91.897858,
       25.647132
      ],
      [
       91.896829,
       25.64677
      ],
      [
       91.896428,
       25.64716
      ],
      [
       91.896582,
       25.6478
      ],
      [
       91.896026,
       25.648096
      ],
      [
       91.896119,
       25.648829
      ],
      [
       91.89581,
       25.648903
      ],
      [
       91.894926,
       25.648541
      ],
      [
       91.894596,
       25.648087
      ],
      [
       91.895162,
       25.6478
      ],
      [
       91.894154,
       25.647651
      ],
      [
       91.893177,
       25.647011
      ],
      [
       91.89223,
       25.647057
      ],
      [
       91.892847,
       25.648922
      ],
      [
       91.89366,
       25.649135
      ],
      [
       91.895677,
       25.651203
      ],
      [
       91.896469,
       25.651148
      ],
      [
       91.897055,
       25.651695
      ],
      [
       91.897906,
       25.651959
      ],
      [
       91.898393,
       25.651718
      ],
      [
       91.899112,
       25.650404
      ],
      [
       91.899899,
       25.650352
      ],
      [
       91.899773,
       25.649685
      ],
      [
       91.902122,
       25.648333
      ],
      [
       91.902258,
       25.648806
      ],
      [
       91.901975,
       25.649941
      ],
      [
       91.902264,
       25.650461
      ],
      [
       91.902064,
       25.651142
      ],
      [
       91.901445,
       25.651529
      ],
      [
       91.900407,
       25.652772
      ],
      [
       91.899379,
       25.653378
      ],
      [
       91.899138,
       25.653756
      ],
      [
       91.898855,
       25.655259
      ],
      [
       91.899007,
       25.655869
      ],
      [
       91.899804,
       25.656431
      ],
      [
       91.899584,
       25.656672
      ],
      [
       91.898865,
       25.656237
      ],
      [
       91.898367,
       25.656242
      ],
      [
       91.898189,
       25.656029
      ],
      [
       91.898105,
       25.655169
      ],
      [
       91.897712,
       25.655164
      ],
      [
       91.897188,
       25.655741
      ],
      [
       91.896882,
       25.655203
      ],
      [
       91.897094,
       25.654334
      ],
      [
       91.89692,
       25.653723
      ],
      [
       91.895914,
       25.653176
      ],
      [
       91.895045,
       25.652997
      ],
      [
       91.893982,
       25.653073
      ],
      [
       91.892212,
       25.652726
      ],
      [
       91.890641,
       25.650918
      ],
      [
       91.890442,
       25.650072
      ],
      [
       91.890678,
       25.649419
      ],
      [
       91.890496,
       25.648592
      ],
      [
       91.889428,
       25.647533
      ],
      [
       91.885942,
       25.642344
      ],
      [
       91.885985,
       25.641706
      ],
      [
       91.887401,
       25.64098
      ],
      [
       91.887337,
       25.64085
      ],
      [
       91.886085,
       25.641395
      ],
      [
       91.884536,
       25.641691
      ],
      [
       91.882968,
       25.641139
      ],
      [
       91.882756,
       25.640672
      ],
      [
       91.881726,
       25.640689
      ],
      [
       91.880318,
       25.639964
      ],
      [
       91.880341,
       25.639304
      ],
      [
       91.879452,
       25.639891
      ],
      [
       91.878631,
       25.639889
      ],
      [
       91.877405,
       25.639171
      ],
      [
       91.877426,
       25.638429
      ],
      [
       91.876788,
       25.639151
      ],
      [
       91.876117,
       25.63899
      ],
      [
       91.875764,
       25.638382
      ],
      [
       91.875345,
       25.638844
      ],
      [
       91.874821,
       25.638661
      ],
      [
       91.874265,
       25.638802
      ],
      [
       91.874181,
       25.637923
      ],
      [
       91.873845,
       25.637696
      ],
      [
       91.873677,
       25.638065
      ],
      [
       91.873331,
       25.638216
      ],
      [
       91.872912,
       25.638122
      ],
      [
       91.872901,
       25.638481
      ],
      [
       91.872555,
       25.638519
      ],
      [
       91.87159,
       25.637857
      ],
      [
       91.869912,
       25.635937
      ],
      [
       91.868276,
       25.634613
      ],
      [
       91.866388,
       25.633895
      ],
      [
       91.864731,
       25.633006
      ],
      [
       91.864007,
       25.632845
      ],
      [
       91.86386,
       25.632968
      ],
      [
       91.863923,
       25.633394
      ],
      [
       91.863199,
       25.633516
      ],
      [
       91.86299,
       25.633242
      ],
      [
       91.863,
       25.632675
      ],
      [
       91.862654,
       25.632334
      ],
      [
       91.861047,
       25.631812
      ],
      [
       91.863367,
       25.631171
      ],
      [
       91.865402,
       25.631275
      ],
      [
       91.864168,
       25.630029
      ],
      [
       91.865919,
       25.629718
      ],
      [
       91.866998,
       25.629068
      ],
      [
       91.868406,
       25.629657
      ],
      [
       91.871697,
       25.632778
      ],
      [
       91.872513,
       25.632846
      ],
      [
       91.872756,
       25.633077
      ],
      [
       91.873502,
       25.63286
      ],
      [
       91.873926,
       25.632334
      ],
      [
       91.874223,
       25.630991
      ],
      [
       91.873892,
       25.627399
      ],
      [
       91.873447,
       25.626102
      ],
      [
       91.872476,
       25.624813
      ],
      [
       91.871396,
       25.623766
      ],
      [
       91.871358,
       25.623272
      ],
      [
       91.871774,
       25.622552
      ],
      [
       91.871545,
       25.622196
      ],
      [
       91.870556,
       25.621976
      ],
      [
       91.869985,
       25.621577
      ],
      [
       91.869014,
       25.621509
      ],
      [
       91.868862,
       25.621555
      ],
      [
       91.868883,
       25.621882
      ],
      [
       91.867899,
       25.622156
      ],
      [
       91.867554,
       25.620203
      ],
      [
       91.866637,
       25.619484
      ],
      [
       91.864504,
       25.619981
      ],
      [
       91.861044,
       25.619548
      ],
      [
       91.859966,
       25.619803
      ],
      [
       91.859174,
       25.619507
      ],
      [
       91.858515,
       25.618848
      ],
      [
       91.858621,
       25.618578
      ],
      [
       91.859324,
       25.618153
      ],
      [
       91.860986,
       25.617376
      ],
      [
       91.861705,
       25.616683
      ],
      [
       91.86193,
       25.616247
      ],
      [
       91.862023,
       25.615015
      ],
      [
       91.86236,
       25.614223
      ],
      [
       91.862244,
       25.61337
      ],
      [
       91.860868,
       25.61184
      ],
      [
       91.859123,
       25.61064
      ],
      [
       91.856132,
       25.60967
      ],
      [
       91.853177,
       25.608007
      ],
      [
       91.852008,
       25.606913
      ],
      [
       91.851615,
       25.605555
      ],
      [
       91.851427,
       25.603457
      ],
      [
       91.850315,
       25.601364
      ],
      [
       91.849549,
       25.599184
      ],
      [
       91.849862,
       25.598385
      ],
      [
       91.849891,
       25.597504
      ],
      [
       91.85018,
       25.597328
      ],
      [
       91.851216,
       25.597351
      ],
      [
       91.851536,
       25.596598
      ],
      [
       91.8534,
       25.596787
      ],
      [
       91.854152,
       25.597058
      ],
      [
       91.855337,
       25.598073
      ],
      [
       91.856033,
       25.598221
      ],
      [
       91.856697,
       25.596099
      ],
      [
       91.85769,
       25.595187
      ],
      [
       91.857656,
       25.594124
      ],
      [
       91.85855,
       25.592728
      ],
      [
       91.858236,
       25.591499
      ],
      [
       91.85835,
       25.591377
      ],
      [
       91.859292,
       25.590803
      ],
      [
       91.861414,
       25.590331
      ],
      [
       91.862355,
       25.589096
      ],
      [
       91.863219,
       25.588879
      ],
      [
       91.864002,
       25.588325
      ],
      [
       91.865147,
       25.587972
      ],
      [
       91.865548,
       25.587916
      ],
      [
       91.866568,
       25.588282
      ],
      [
       91.866441,
       25.58906
      ],
      [
       91.866739,
       25.589551
      ],
      [
       91.867708,
       25.589554
      ],
      [
       91.868386,
       25.589092
      ],
      [
       91.86901,
       25.588316
      ],
      [
       91.869433,
       25.587494
      ],
      [
       91.869348,
       25.587136
      ],
      [
       91.869896,
       25.586912
      ],
      [
       91.870439,
       25.587762
      ],
      [
       91.870389,
       25.588336
      ],
      [
       91.870909,
       25.588541
      ],
      [
       91.87147,
       25.588454
      ],
      [
       91.871445,
       25.5882
      ],
      [
       91.871669,
       25.588077
      ],
      [
       91.871891,
       25.588261
      ],
      [
       91.87157,
       25.588797
      ],
      [
       91.870186,
       25.588999
      ],
      [
       91.870212,
       25.589447
      ],
      [
       91.870505,
       25.589634
      ],
      [
       91.870492,
       25.590083
      ],
      [
       91.870102,
       25.590412
      ],
      [
       91.868181,
       25.591163
      ],
      [
       91.866986,
       25.591278
      ],
      [
       91.86622,
       25.591098
      ],
      [
       91.866052,
       25.590739
      ],
      [
       91.865245,
       25.590171
      ],
      [
       91.864689,
       25.590303
      ],
      [
       91.864353,
       25.591183
      ],
      [
       91.864594,
       25.591609
      ],
      [
       91.865056,
       25.591637
      ],
      [
       91.86471,
       25.592157
      ],
      [
       91.865549,
       25.593302
      ],
      [
       91.865308,
       25.593671
      ],
      [
       91.865622,
       25.593974
      ],
      [
       91.865024,
       25.594503
      ],
      [
       91.864594,
       25.594437
      ],
      [
       91.864521,
       25.593841
      ],
      [
       91.864112,
       25.593047
      ],
      [
       91.863472,
       25.592725
      ],
      [
       91.862895,
       25.592838
      ],
      [
       91.863399,
       25.593529
      ],
      [
       91.86321,
       25.593898
      ],
      [
       91.863231,
       25.59474
      ],
      [
       91.863881,
       25.595128
      ],
      [
       91.863892,
       25.595449
      ],
      [
       91.863409,
       25.595799
      ],
      [
       91.863965,
       25.596159
      ],
      [
       91.864028,
       25.596736
      ],
      [
       91.865066,
       25.59701
      ],
      [
       91.866126,
       25.598107
      ],
      [
       91.865905,
       25.598571
      ],
      [
       91.865381,
       25.598249
      ],
      [
       91.865003,
       25.597719
      ],
      [
       91.864479,
       25.598041
      ],
      [
       91.863692,
       25.597729
      ],
      [
       91.862801,
       25.598126
      ],
      [
       91.861626,
       25.597379
      ],
      [
       91.860902,
       25.59788
      ],
      [
       91.860766,
       25.598438
      ],
      [
       91.862738,
       25.5991
      ],
      [
       91.863315,
       25.600027
      ],
      [
       91.864091,
       25.600756
      ],
      [
       91.864888,
       25.600756
      ],
      [
       91.865087,
       25.601049
      ],
      [
       91.864154,
       25.60226
      ],
      [
       91.862685,
       25.60226
      ],
      [
       91.861584,
       25.601285
      ],
      [
       91.861112,
       25.599763
      ],
      [
       91.860839,
       25.599554
      ],
      [
       91.860179,
       25.599602
      ],
      [
       91.859329,
       25.599072
      ],
      [
       91.859245,
       25.598514
      ],
      [
       91.858731,
       25.598344
      ],
      [
       91.858584,
       25.59858
      ],
      [
       91.85893,
       25.599223
      ],
      [
       91.858459,
       25.599696
      ],
      [
       91.858081,
       25.599413
      ],
      [
       91.857703,
       25.599517
      ],
      [
       91.857703,
       25.600226
      ],
      [
       91.857399,
       25.600898
      ],
      [
       91.855344,
       25.600803
      ],
      [
       91.853865,
       25.59964
      ],
      [
       91.853193,
       25.59946
      ],
      [
       91.85312,
       25.599829
      ],
      [
       91.854011,
       25.600377
      ],
      [
       91.854441,
       25.601106
      ],
      [
       91.855983,
       25.602335
      ],
      [
       91.856833,
       25.602033
      ],
      [
       91.857326,
       25.602165
      ],
      [
       91.859381,
       25.6047
      ],
      [
       91.860042,
       25.604899
      ],
      [
       91.860577,
       25.604672
      ],
      [
       91.861238,
       25.604851
      ],
      [
       91.861637,
       25.604691
      ],
      [
       91.863095,
       25.605286
      ],
      [
       91.864038,
       25.60523
      ],
      [
       91.864384,
       25.605428
      ],
      [
       91.864846,
       25.60522
      ],
      [
       91.864678,
       25.604795
      ],
      [
       91.864972,
       25.604218
      ],
      [
       91.865308,
       25.604104
      ],
      [
       91.865077,
       25.603196
      ],
      [
       91.864426,
       25.603385
      ],
      [
       91.863556,
       25.603347
      ],
      [
       91.863797,
       25.60296
      ],
      [
       91.865549,
       25.602099
      ],
      [
       91.86579,
       25.601607
      ],
      [
       91.865591,
       25.601049
      ],
      [
       91.866252,
       25.600642
      ],
      [
       91.866681,
       25.600879
      ],
      [
       91.866965,
       25.600822
      ],
      [
       91.867279,
       25.601181
      ],
      [
       91.867111,
       25.60172
      ],
      [
       91.867258,
       25.60243
      ],
      [
       91.866923,
       25.602808
      ],
      [
       91.866954,
       25.60313
      ],
      [
       91.867458,
       25.603499
      ],
      [
       91.8675,
       25.604028
      ]
     ]
    ]
   }
  },
  {
   "type": "Feature",
   "properties": {
    "name": "Dense Forest - Weak Signal 2",
    "kind": "advisory",
    "severity": 2,
    "osm_id": 122137040,
    "source": "OpenStreetMap"
   },
   "geometry": {
    "type": "Polygon",
    "coordinates": [
     [
      [
       91.903159,
       25.554152
      ],
      [
       91.902504,
       25.553168
      ],
      [
       91.90308,
       25.5529
      ],
      [
       91.904044,
       25.554006
      ],
      [
       91.905484,
       25.554128
      ],
      [
       91.906356,
       25.553632
      ],
      [
       91.906195,
       25.553341
      ],
      [
       91.905161,
       25.553455
      ],
      [
       91.904768,
       25.553077
      ],
      [
       91.904018,
       25.552951
      ],
      [
       91.902761,
       25.552349
      ],
      [
       91.902879,
       25.551203
      ],
      [
       91.902511,
       25.550531
      ],
      [
       91.901501,
       25.550114
      ],
      [
       91.900945,
       25.549527
      ],
      [
       91.900055,
       25.549929
      ],
      [
       91.898882,
       25.549605
      ],
      [
       91.898078,
       25.549798
      ],
      [
       91.897539,
       25.549234
      ],
      [
       91.897094,
       25.549164
      ],
      [
       91.896495,
       25.549913
      ],
      [
       91.895699,
       25.549937
      ],
      [
       91.895681,
       25.550276
      ],
      [
       91.896229,
       25.550724
      ],
      [
       91.896409,
       25.551172
      ],
      [
       91.896529,
       25.55172
      ],
      [
       91.896306,
       25.551875
      ],
      [
       91.895776,
       25.551512
      ],
      [
       91.89361,
       25.54864
      ],
      [
       91.893533,
       25.547072
      ],
      [
       91.892446,
       25.545651
      ],
      [
       91.892549,
       25.545196
      ],
      [
       91.891265,
       25.544609
      ],
      [
       91.887714,
       25.544524
      ],
      [
       91.887363,
       25.544864
      ],
      [
       91.887269,
       25.545327
      ],
      [
       91.886302,
       25.546261
      ],
      [
       91.885326,
       25.54623
      ],
      [
       91.883083,
       25.545319
      ],
      [
       91.88204,
       25.545264
      ],
      [
       91.880866,
       25.544757
      ],
      [
       91.880504,
       25.544926
      ],
      [
       91.88046,
       25.545442
      ],
      [
       91.880155,
       25.545442
      ],
      [
       91.87998,
       25.545115
      ],
      [
       91.879095,
       25.544843
      ],
      [
       91.878785,
       25.545229
      ],
      [
       91.878043,
       25.545634
      ],
      [
       91.878017,
       25.545831
      ],
      [
       91.877241,
       25.546142
      ],
      [
       91.876268,
       25.545505
      ],
      [
       91.876041,
       25.545587
      ],
      [
       91.876242,
       25.546048
      ],
      [
       91.875544,
       25.546075
      ],
      [
       91.875505,
       25.546851
      ],
      [
       91.875265,
       25.547166
      ],
      [
       91.8754,
       25.547524
      ],
      [
       91.875103,
       25.547606
      ],
      [
       91.874711,
       25.547173
      ],
      [
       91.87502,
       25.547004
      ],
      [
       91.875142,
       25.546119
      ],
      [
       91.875456,
       25.545729
      ],
      [
       91.875295,
       25.545186
      ],
      [
       91.874475,
       25.54467
      ],
      [
       91.873751,
       25.543804
      ],
      [
       91.87259,
       25.543615
      ],
      [
       91.87037,
       25.543631
      ],
      [
       91.869798,
       25.543942
      ],
      [
       91.867783,
       25.543163
      ],
      [
       91.867504,
       25.543422
      ],
      [
       91.866779,
       25.54345
      ],
      [
       91.866505,
       25.543737
      ],
      [
       91.865924,
       25.543651
      ],
      [
       91.865964,
       25.543159
      ],
      [
       91.865379,
       25.543041
      ],
      [
       91.864982,
       25.54334
      ],
      [
       91.864716,
       25.542946
      ],
      [
       91.864114,
       25.54258
      ],
      [
       91.864232,
       25.541899
      ],
      [
       91.864005,
       25.541864
      ],
      [
       91.863556,
       25.542234
      ],
      [
       91.863442,
       25.542135
      ],
      [
       91.863774,
       25.541639
      ],
      [
       91.863399,
       25.540876
      ],
      [
       91.862212,
       25.540903
      ],
      [
       91.862513,
       25.540581
      ],
      [
       91.862212,
       25.540199
      ],
      [
       91.860236,
       25.539293
      ],
      [
       91.856536,
       25.536912
      ],
      [
       91.855114,
       25.536703
      ],
      [
       91.854656,
       25.536026
      ],
      [
       91.853971,
       25.535865
      ],
      [
       91.853522,
       25.536188
      ],
      [
       91.853208,
       25.536156
      ],
      [
       91.853173,
       25.535585
      ],
      [
       91.853474,
       25.535404
      ],
      [
       91.853395,
       25.5352
      ],
      [
       91.852837,
       25.5352
      ],
      [
       91.852161,
       25.5349
      ],
      [
       91.8523,
       25.535865
      ],
      [
       91.851764,
       25.536932
      ],
      [
       91.851013,
       25.537097
      ],
      [
       91.850795,
       25.536959
      ],
      [
       91.850669,
       25.536632
      ],
      [
       91.850817,
       25.535546
      ],
      [
       91.851515,
       25.534806
      ],
      [
       91.851476,
       25.53342
      ],
      [
       91.852191,
       25.532834
      ],
      [
       91.851916,
       25.532204
      ],
      [
       91.85076,
       25.531369
      ],
      [
       91.850337,
       25.531224
      ],
      [
       91.849857,
       25.531334
      ],
      [
       91.849718,
       25.531724
      ],
      [
       91.847981,
       25.532582
      ],
      [
       91.845617,
       25.532298
      ],
      [
       91.844683,
       25.533479
      ],
      [
       91.84402,
       25.533314
      ],
      [
       91.844517,
       25.535211
      ],
      [
       91.845181,
       25.535747
      ],
      [
       91.845756,
       25.535755
      ],
      [
       91.846254,
       25.536817
      ],
      [
       91.847205,
       25.53718
      ],
      [
       91.847903,
       25.538471
      ],
      [
       91.848426,
       25.538605
      ],
      [
       91.848671,
       25.53962
      ],
      [
       91.848252,
       25.540816
      ],
      [
       91.848212,
       25.54316
      ],
      [
       91.845535,
       25.547401
      ],
      [
       91.843161,
       25.549275
      ],
      [
       91.842191,
       25.549281
      ],
      [
       91.842216,
       25.549662
      ],
      [
       91.842067,
       25.549729
      ],
      [
       91.842309,
       25.550296
      ],
      [
       91.8439,
       25.551641
      ],
      [
       91.844882,
       25.55284
      ],
      [
       91.847186,
       25.554721
      ],
      [
       91.847509,
       25.55554
      ],
      [
       91.847509,
       25.556526
      ],
      [
       91.850655,
       25.559952
      ],
      [
       91.851519,
       25.560288
      ],
      [
       91.851773,
       25.560182
      ],
      [
       91.85214,
       25.55956
      ],
      [
       91.852985,
       25.559885
      ],
      [
       91.854075,
       25.561674
      ],
      [
       91.854696,
       25.562185
      ],
      [
       91.854815,
       25.563468
      ],
      [
       91.855645,
       25.566323
      ],
      [
       91.857701,
       25.567639
      ],
      [
       91.860074,
       25.566798
      ],
      [
       91.859717,
       25.566259
      ],
      [
       91.86014,
       25.566066
      ],
      [
       91.861357,
       25.566346
      ],
      [
       91.860856,
       25.560721
      ],
      [
       91.858844,
       25.555596
      ],
      [
       91.856932,
       25.554507
      ],
      [
       91.856331,
       25.554473
      ],
      [
       91.856169,
       25.554217
      ],
      [
       91.856867,
       25.553732
      ],
      [
       91.85684,
       25.553258
      ],
      [
       91.857027,
       25.553093
      ],
      [
       91.858091,
       25.553181
      ],
      [
       91.858164,
       25.553025
      ],
      [
       91.857569,
       25.552242
      ],
      [
       91.857714,
       25.552004
      ],
      [
       91.858964,
       25.551531
      ],
      [
       91.862995,
       25.552034
      ],
      [
       91.863342,
       25.552214
      ],
      [
       91.863451,
       25.553085
      ],
      [
       91.863751,
       25.553307
      ],
      [
       91.864618,
       25.552775
      ],
      [
       91.864626,
       25.553501
      ],
      [
       91.864926,
       25.553462
      ],
      [
       91.865117,
       25.554314
      ],
      [
       91.866058,
       25.554754
      ],
      [
       91.867162,
       25.554513
      ],
      [
       91.868197,
       25.555679
      ],
      [
       91.869661,
       25.556046
      ],
      [
       91.871157,
       25.55535
      ],
      [
       91.872184,
       25.555766
      ],
      [
       91.873657,
       25.557102
      ],
      [
       91.873686,
       25.557392
      ],
      [
       91.873448,
       25.557682
      ],
      [
       91.874893,
       25.558125
      ],
      [
       91.875065,
       25.558518
      ],
      [
       91.876094,
       25.557249
      ],
      [
       91.875927,
       25.556858
      ],
      [
       91.87599,
       25.556275
      ],
      [
       91.876456,
       25.556138
      ],
      [
       91.876838,
       25.555737
      ],
      [
       91.875451,
       25.554856
      ],
      [
       91.875846,
       25.554677
      ],
      [
       91.875649,
       25.553956
      ],
      [
       91.875955,
       25.553646
      ],
      [
       91.875723,
       25.553394
      ],
      [
       91.875824,
       25.553065
      ],
      [
       91.876667,
       25.552896
      ],
      [
       91.877268,
       25.553007
      ],
      [
       91.877425,
       25.553419
      ],
      [
       91.877364,
       25.554217
      ],
      [
       91.87797,
       25.554149
      ],
      [
       91.877815,
       25.553893
      ],
      [
       91.878389,
       25.553627
      ],
      [
       91.878619,
       25.553956
      ],
      [
       91.878385,
       25.554212
      ],
      [
       91.878346,
       25.554754
      ],
      [
       91.878689,
       25.554585
      ],
      [
       91.879244,
       25.554662
      ],
      [
       91.881829,
       25.555354
      ],
      [
       91.882197,
       25.554987
      ],
      [
       91.883469,
       25.555258
      ],
      [
       91.884206,
       25.556414
      ],
      [
       91.884198,
       25.556961
      ],
      [
       91.883597,
       25.557232
      ],
      [
       91.883347,
       25.558621
      ],
      [
       91.881924,
       25.559962
      ],
      [
       91.881902,
       25.56151
      ],
      [
       91.881344,
       25.562013
      ],
      [
       91.881309,
       25.562589
      ],
      [
       91.880833,
       25.563144
      ],
      [
       91.882115,
       25.562792
      ],
      [
       91.882545,
       25.563051
      ],
      [
       91.882583,
       25.563664
      ],
      [
       91.883755,
       25.563325
      ],
      [
       91.884923,
       25.564073
      ],
      [
       91.885614,
       25.564194
      ],
      [
       91.88589,
       25.564038
      ],
      [
       91.886429,
       25.56305
      ],
      [
       91.885958,
       25.560678
      ],
      [
       91.888275,
       25.559207
      ],
      [
       91.891528,
       25.559363
      ],
      [
       91.891647,
       25.559947
      ],
      [
       91.891992,
       25.560207
      ],
      [
       91.892011,
       25.560648
      ],
      [
       91.892299,
       25.560717
      ],
      [
       91.892108,
       25.560566
      ],
      [
       91.892183,
       25.560323
      ],
      [
       91.892456,
       25.560602
      ],
      [
       91.892529,
       25.560136
      ],
      [
       91.892825,
       25.560427
      ],
      [
       91.892961,
       25.561401
      ],
      [
       91.892609,
       25.561524
      ],
      [
       91.892709,
       25.561817
      ],
      [
       91.89369,
       25.561559
      ],
      [
       91.89333,
       25.562127
      ],
      [
       91.893421,
       25.562556
      ],
      [
       91.893717,
       25.562521
      ],
      [
       91.893678,
       25.562248
      ],
      [
       91.894088,
       25.562481
      ],
      [
       91.89383,
       25.562061
      ],
      [
       91.894182,
       25.561623
      ],
      [
       91.894233,
       25.561867
      ],
      [
       91.894425,
       25.561732
      ],
      [
       91.89439,
       25.561439
      ],
      [
       91.894685,
       25.561129
      ],
      [
       91.894471,
       25.560398
      ],
      [
       91.894919,
       25.559706
      ],
      [
       91.895436,
       25.559543
      ],
      [
       91.895545,
       25.559699
      ],
      [
       91.895163,
       25.56043
      ],
      [
       91.895569,
       25.561135
      ],
      [
       91.896129,
       25.561329
      ],
      [
       91.896107,
       25.561769
      ],
      [
       91.895696,
       25.562076
      ],
      [
       91.895241,
       25.562057
      ],
      [
       91.895245,
       25.56269
      ],
      [
       91.895002,
       25.562687
      ],
      [
       91.894775,
       25.562104
      ],
      [
       91.894227,
       25.562362
      ],
      [
       91.894313,
       25.56281
      ],
      [
       91.894642,
       25.562997
      ],
      [
       91.894619,
       25.563244
      ],
      [
       91.895036,
       25.563398
      ],
      [
       91.894889,
       25.563526
      ],
      [
       91.895066,
       25.564095
      ],
      [
       91.895645,
       25.564398
      ],
      [
       91.895562,
       25.56409
      ],
      [
       91.895858,
       25.563694
      ],
      [
       91.89568,
       25.562957
      ],
      [
       91.896153,
       25.562342
      ],
      [
       91.895865,
       25.562128
      ],
      [
       91.896289,
       25.561576
      ],
      [
       91.896696,
       25.561735
      ],
      [
       91.896824,
       25.561218
      ],
      [
       91.896554,
       25.560273
      ],
      [
       91.896914,
       25.559817
      ],
      [
       91.897631,
       25.559754
      ],
      [
       91.897709,
       25.559969
      ],
      [
       91.897352,
       25.561068
      ],
      [
       91.897815,
       25.561948
      ],
      [
       91.898735,
       25.561344
      ],
      [
       91.898762,
       25.561079
      ],
      [
       91.898523,
       25.561001
      ],
      [
       91.898488,
       25.560708
      ],
      [
       91.89879,
       25.56045
      ],
      [
       91.898809,
       25.560036
      ],
      [
       91.898324,
       25.560188
      ],
      [
       91.898355,
       25.561192
      ],
      [
       91.898014,
       25.561229
      ],
      [
       91.897926,
       25.561018
      ],
      [
       91.897918,
       25.559837
      ],
      [
       91.89767,
       25.559473
      ],
      [
       91.897906,
       25.558855
      ],
      [
       91.897413,
       25.558595
      ],
      [
       91.897823,
       25.557615
      ],
      [
       91.89836,
       25.557706
      ],
      [
       91.899529,
       25.555714
      ],
      [
       91.900458,
       25.555785
      ],
      [
       91.900646,
       25.555309
      ],
      [
       91.900873,
       25.555305
      ],
      [
       91.900986,
       25.55645
      ],
      [
       91.900253,
       25.55647
      ],
      [
       91.900222,
       25.556702
      ],
      [
       91.901047,
       25.557025
      ],
      [
       91.901274,
       25.556541
      ],
      [
       91.901749,
       25.556627
      ],
      [
       91.901741,
       25.557123
      ],
      [
       91.901222,
       25.557426
      ],
      [
       91.901187,
       25.55769
      ],
      [
       91.901562,
       25.558473
      ],
      [
       91.902216,
       25.558568
      ],
      [
       91.902308,
       25.558324
      ],
      [
       91.901845,
       25.558135
      ],
      [
       91.901832,
       25.557773
      ],
      [
       91.902033,
       25.557588
      ],
      [
       91.902853,
       25.557859
      ],
      [
       91.90335,
       25.557481
      ],
      [
       91.90294,
       25.556718
      ],
      [
       91.903385,
       25.556466
      ],
      [
       91.903324,
       25.555884
      ],
      [
       91.903001,
       25.555435
      ],
      [
       91.903281,
       25.555033
      ],
      [
       91.903071,
       25.554522
      ]
     ]
    ]
   }
  },
  {
   "type": "Feature",
   "properties": {
    "name": "Dense Forest - Weak Signal 3",
    "kind": "advisory",
    "severity": 2,
    "osm_id": 499519254,
    "source": "OpenStreetMap"
   },
   "geometry": {
    "type": "Polygon",
    "coordinates": [
     [
      [
       91.879467,
       25.606771
      ],
      [
       91.87954,
       25.60609
      ],
      [
       91.879975,
       25.606174
      ],
      [
       91.88004,
       25.607135
      ],
      [
       91.880821,
       25.608432
      ],
      [
       91.882783,
       25.61011
      ],
      [
       91.886881,
       25.61196
      ],
      [
       91.887718,
       25.614025
      ],
      [
       91.889794,
       25.616007
      ],
      [
       91.890488,
       25.616053
      ],
      [
       91.891131,
       25.615702
      ],
      [
       91.891317,
       25.612926
      ],
      [
       91.89289,
       25.612514
      ],
      [
       91.89582,
       25.614031
      ],
      [
       91.900501,
       25.617273
      ],
      [
       91.901329,
       25.619376
      ],
      [
       91.904713,
       25.622245
      ],
      [
       91.905401,
       25.622351
      ],
      [
       91.9061,
       25.621909
      ],
      [
       91.906662,
       25.62122
      ],
      [
       91.907754,
       25.620532
      ],
      [
       91.908856,
       25.620381
      ],
      [
       91.909412,
       25.620741
      ],
      [
       91.909265,
       25.621923
      ],
      [
       91.909569,
       25.62232
      ],
      [
       91.909569,
       25.623048
      ],
      [
       91.910502,
       25.623701
      ],
      [
       91.909988,
       25.624192
      ],
      [
       91.910104,
       25.624495
      ],
      [
       91.909789,
       25.624987
      ],
      [
       91.907817,
       25.625195
      ],
      [
       91.906632,
       25.625091
      ],
      [
       91.906275,
       25.625327
      ],
      [
       91.906307,
       25.625866
      ],
      [
       91.905887,
       25.626036
      ],
      [
       91.904713,
       25.625147
      ],
      [
       91.903527,
       25.625138
      ],
      [
       91.903223,
       25.624797
      ],
      [
       91.90359,
       25.624032
      ],
      [
       91.902216,
       25.623332
      ],
      [
       91.901252,
       25.622206
      ],
      [
       91.901545,
       25.622083
      ],
      [
       91.902646,
       25.622566
      ],
      [
       91.902919,
       25.622244
      ],
      [
       91.901807,
       25.621232
      ],
      [
       91.901388,
       25.620022
      ],
      [
       91.900801,
       25.619889
      ],
      [
       91.900486,
       25.619587
      ],
      [
       91.900035,
       25.619587
      ],
      [
       91.900171,
       25.620438
      ],
      [
       91.899783,
       25.62075
      ],
      [
       91.899867,
       25.621365
      ],
      [
       91.899531,
       25.621714
      ],
      [
       91.899007,
       25.621696
      ],
      [
       91.898745,
       25.621336
      ],
      [
       91.898818,
       25.62057
      ],
      [
       91.898283,
       25.620542
      ],
      [
       91.898042,
       25.620258
      ],
      [
       91.898032,
       25.619889
      ],
      [
       91.898587,
       25.61953
      ],
      [
       91.898587,
       25.619152
      ],
      [
       91.897927,
       25.618603
      ],
      [
       91.896658,
       25.618944
      ],
      [
       91.896291,
       25.619246
      ],
      [
       91.897035,
       25.620012
      ],
      [
       91.896605,
       25.621194
      ],
      [
       91.895388,
       25.621393
      ],
      [
       91.894636,
       25.62234
      ],
      [
       91.892779,
       25.622631
      ],
      [
       91.888823,
       25.626089
      ],
      [
       91.88856,
       25.625904
      ],
      [
       91.887742,
       25.626358
      ],
      [
       91.887281,
       25.626254
      ],
      [
       91.887134,
       25.6265
      ],
      [
       91.886746,
       25.626528
      ],
      [
       91.886494,
       25.626235
      ],
      [
       91.88684,
       25.626093
      ],
      [
       91.886788,
       25.625677
      ],
      [
       91.886473,
       25.62563
      ],
      [
       91.886274,
       25.625337
      ],
      [
       91.886589,
       25.624741
      ],
      [
       91.88704,
       25.624703
      ],
      [
       91.88704,
       25.624996
      ],
      [
       91.887879,
       25.625857
      ],
      [
       91.888466,
       25.625384
      ],
      [
       91.887323,
       25.622604
      ],
      [
       91.887847,
       25.62249
      ],
      [
       91.887721,
       25.621336
      ],
      [
       91.885844,
       25.621194
      ],
      [
       91.885854,
       25.620797
      ],
      [
       91.886673,
       25.620684
      ],
      [
       91.886452,
       25.619795
      ],
      [
       91.886735,
       25.6197
      ],
      [
       91.887145,
       25.619899
      ],
      [
       91.887396,
       25.620315
      ],
      [
       91.887784,
       25.620277
      ],
      [
       91.887407,
       25.619454
      ],
      [
       91.886735,
       25.61919
      ],
      [
       91.885833,
       25.618282
      ],
      [
       91.88534,
       25.618783
      ],
      [
       91.88405,
       25.618026
      ],
      [
       91.884082,
       25.617515
      ],
      [
       91.883704,
       25.616702
      ],
      [
       91.88383,
       25.615908
      ],
      [
       91.883358,
       25.615756
      ],
      [
       91.882928,
       25.616097
      ],
      [
       91.882593,
       25.616125
      ],
      [
       91.882215,
       25.615747
      ],
      [
       91.882047,
       25.614631
      ],
      [
       91.881103,
       25.614442
      ],
      [
       91.880033,
       25.615057
      ],
      [
       91.879414,
       25.614584
      ],
      [
       91.879771,
       25.615397
      ],
      [
       91.879488,
       25.615813
      ],
      [
       91.878754,
       25.615889
      ],
      [
       91.878376,
       25.6157
      ],
      [
       91.878229,
       25.614858
      ],
      [
       91.877778,
       25.614442
      ],
      [
       91.876918,
       25.614319
      ],
      [
       91.87632,
       25.613581
      ],
      [
       91.877338,
       25.613619
      ],
      [
       91.877736,
       25.613865
      ],
      [
       91.877768,
       25.613326
      ],
      [
       91.877107,
       25.61291
      ],
      [
       91.875607,
       25.61307
      ],
      [
       91.875418,
       25.613439
      ],
      [
       91.874569,
       25.61343
      ],
      [
       91.874328,
       25.613193
      ],
      [
       91.874925,
       25.612995
      ],
      [
       91.874967,
       25.612503
      ],
      [
       91.875754,
       25.61238
      ],
      [
       91.875786,
       25.612049
      ],
      [
       91.876205,
       25.611917
      ],
      [
       91.876121,
       25.611387
      ],
      [
       91.876362,
       25.611179
      ],
      [
       91.876278,
       25.610394
      ],
      [
       91.877086,
       25.610063
      ],
      [
       91.877076,
       25.60977
      ],
      [
       91.874118,
       25.610214
      ],
      [
       91.873761,
       25.609183
      ],
      [
       91.874883,
       25.608464
      ],
      [
       91.874296,
       25.607424
      ],
      [
       91.874411,
       25.60698
      ],
      [
       91.873908,
       25.606923
      ],
      [
       91.873006,
       25.606175
      ],
      [
       91.87245,
       25.60644
      ],
      [
       91.873247,
       25.607377
      ],
      [
       91.872849,
       25.607679
      ],
      [
       91.871275,
       25.606166
      ],
      [
       91.87116,
       25.605532
      ],
      [
       91.871485,
       25.605258
      ],
      [
       91.871464,
       25.604605
      ],
      [
       91.870919,
       25.604104
      ],
      [
       91.870707,
       25.603303
      ],
      [
       91.869933,
       25.602183
      ],
      [
       91.86965,
       25.602466
      ],
      [
       91.869099,
       25.601648
      ],
      [
       91.869144,
       25.600854
      ],
      [
       91.869536,
       25.601475
      ],
      [
       91.869755,
       25.601442
      ],
      [
       91.869769,
       25.600442
      ],
      [
       91.869979,
       25.600101
      ],
      [
       91.869605,
       25.599747
      ],
      [
       91.870253,
       25.599819
      ],
      [
       91.87052,
       25.600576
      ],
      [
       91.870861,
       25.600718
      ],
      [
       91.871239,
       25.601262
      ],
      [
       91.871543,
       25.601238
      ],
      [
       91.871538,
       25.601002
      ],
      [
       91.871795,
       25.600827
      ],
      [
       91.871401,
       25.599805
      ],
      [
       91.870919,
       25.599796
      ],
      [
       91.870819,
       25.59964
      ],
      [
       91.871328,
       25.599252
      ],
      [
       91.871307,
       25.599039
      ],
      [
       91.870919,
       25.59893
      ],
      [
       91.870809,
       25.59744
      ],
      [
       91.871532,
       25.596613
      ],
      [
       91.874284,
       25.595183
      ],
      [
       91.875157,
       25.594962
      ],
      [
       91.874593,
       25.596454
      ],
      [
       91.87585,
       25.596509
      ],
      [
       91.875782,
       25.597433
      ],
      [
       91.875203,
       25.597702
      ],
      [
       91.875348,
       25.598472
      ],
      [
       91.876174,
       25.598137
      ],
      [
       91.875922,
       25.600672
      ],
      [
       91.87546,
       25.600623
      ],
      [
       91.875376,
       25.600935
      ],
      [
       91.875009,
       25.60121
      ],
      [
       91.875041,
       25.60155
      ],
      [
       91.874411,
       25.602288
      ],
      [
       91.874821,
       25.602297
      ],
      [
       91.875135,
       25.602761
      ],
      [
       91.875702,
       25.602496
      ],
      [
       91.87632,
       25.603234
      ],
      [
       91.876908,
       25.603111
      ],
      [
       91.878785,
       25.603811
      ],
      [
       91.87996,
       25.60401
      ],
      [
       91.881533,
       25.605003
      ],
      [
       91.881051,
       25.605239
      ],
      [
       91.878838,
       25.604473
      ],
      [
       91.878596,
       25.605088
      ],
      [
       91.878754,
       25.605589
      ],
      [
       91.878974,
       25.605618
      ],
      [
       91.87889,
       25.60662
      ]
     ]
    ]
   }
  },
  {
   "type": "Feature",
   "properties": {
    "name": "Dense Forest - Weak Signal 4",
    "kind": "advisory",
    "severity": 2,
    "osm_id": 499535771,
    "source": "OpenStreetMap"
   },
   "geometry": {
    "type": "Polygon",
    "coordinates": [
     [
      [
       91.825458,
       25.543754
      ],
      [
       91.825302,
       25.543298
      ],
      [
       91.825485,
       25.543032
      ],
      [
       91.82615,
       25.543161
      ],
      [
       91.826681,
       25.542996
      ],
      [
       91.826911,
       25.543593
      ],
      [
       91.827599,
       25.543424
      ],
      [
       91.827634,
       25.543153
      ],
      [
       91.827333,
       25.543035
      ],
      [
       91.827055,
       25.542089
      ],
      [
       91.82632,
       25.54163
      ],
      [
       91.826707,
       25.541348
      ],
      [
       91.827046,
       25.541414
      ],
      [
       91.827929,
       25.542137
      ],
      [
       91.82913,
       25.542545
      ],
      [
       91.829339,
       25.542804
      ],
      [
       91.829709,
       25.542486
      ],
      [
       91.829957,
       25.542969
      ],
      [
       91.830039,
       25.542741
      ],
      [
       91.829203,
       25.541141
      ],
      [
       91.828723,
       25.541135
      ],
      [
       91.828068,
       25.540237
      ],
      [
       91.825179,
       25.537655
      ],
      [
       91.824824,
       25.536807
      ],
      [
       91.825263,
       25.53655
      ],
      [
       91.826969,
       25.538089
      ],
      [
       91.827501,
       25.538447
      ],
      [
       91.82767,
       25.538352
      ],
      [
       91.825428,
       25.536092
      ],
      [
       91.824797,
       25.536178
      ],
      [
       91.823953,
       25.537187
      ],
      [
       91.823409,
       25.536983
      ],
      [
       91.823101,
       25.537387
      ],
      [
       91.823418,
       25.536029
      ],
      [
       91.824349,
       25.535322
      ],
      [
       91.823866,
       25.535138
      ],
      [
       91.823853,
       25.534514
      ],
      [
       91.82307,
       25.533674
      ],
      [
       91.820521,
       25.532465
      ],
      [
       91.818972,
       25.532535
      ],
      [
       91.817532,
       25.531605
      ],
      [
       91.81624,
       25.530372
      ],
      [
       91.815583,
       25.530047
      ],
      [
       91.815266,
       25.529564
      ],
      [
       91.813683,
       25.529187
      ],
      [
       91.813575,
       25.529436
      ],
      [
       91.812522,
       25.529738
      ],
      [
       91.812043,
       25.529463
      ],
      [
       91.811391,
       25.529718
      ],
      [
       91.811346,
       25.529938
      ],
      [
       91.811672,
       25.530386
      ],
      [
       91.8111,
       25.530482
      ],
      [
       91.811087,
       25.531058
      ],
      [
       91.809969,
       25.53065
      ],
      [
       91.810346,
       25.531447
      ],
      [
       91.809965,
       25.53161
      ],
      [
       91.809774,
       25.531258
      ],
      [
       91.809557,
       25.531242
      ],
      [
       91.810195,
       25.532363
      ],
      [
       91.810133,
       25.532699
      ],
      [
       91.809464,
       25.532803
      ],
      [
       91.809385,
       25.533154
      ],
      [
       91.809042,
       25.533056
      ],
      [
       91.808888,
       25.532738
      ],
      [
       91.807993,
       25.532085
      ],
      [
       91.808327,
       25.531563
      ],
      [
       91.8083,
       25.530567
      ],
      [
       91.808002,
       25.530445
      ],
      [
       91.80755,
       25.530869
      ],
      [
       91.806862,
       25.531139
      ],
      [
       91.80575,
       25.530192
      ],
      [
       91.805497,
       25.53051
      ],
      [
       91.80518,
       25.530298
      ],
      [
       91.805126,
       25.530029
      ],
      [
       91.805397,
       25.5298
      ],
      [
       91.806519,
       25.529882
      ],
      [
       91.806691,
       25.529392
      ],
      [
       91.806347,
       25.529254
      ],
      [
       91.804909,
       25.529531
      ],
      [
       91.804385,
       25.529254
      ],
      [
       91.803544,
       25.529205
      ],
      [
       91.802911,
       25.52874
      ],
      [
       91.802278,
       25.528038
      ],
      [
       91.802015,
       25.527442
      ],
      [
       91.800324,
       25.525696
      ],
      [
       91.799809,
       25.524235
      ],
      [
       91.799483,
       25.524268
      ],
      [
       91.799176,
       25.524766
      ],
      [
       91.798814,
       25.524815
      ],
      [
       91.797982,
       25.524072
      ],
      [
       91.796942,
       25.524088
      ],
      [
       91.798398,
       25.525998
      ],
      [
       91.799773,
       25.526128
      ],
      [
       91.800623,
       25.526659
      ],
      [
       91.800948,
       25.527573
      ],
      [
       91.801744,
       25.528854
      ],
      [
       91.802151,
       25.529017
      ],
      [
       91.802974,
       25.529996
      ],
      [
       91.802667,
       25.530021
      ],
      [
       91.800777,
       25.529074
      ],
      [
       91.799321,
       25.529025
      ],
      [
       91.798642,
       25.529205
      ],
      [
       91.797937,
       25.530217
      ],
      [
       91.797557,
       25.530208
      ],
      [
       91.79697,
       25.529498
      ],
      [
       91.797042,
       25.529115
      ],
      [
       91.797847,
       25.528381
      ],
      [
       91.797765,
       25.527956
      ],
      [
       91.796924,
       25.527744
      ],
      [
       91.796807,
       25.527532
      ],
      [
       91.796029,
       25.527246
      ],
      [
       91.795686,
       25.527279
      ],
      [
       91.79508,
       25.526634
      ],
      [
       91.794682,
       25.52652
      ],
      [
       91.794537,
       25.526683
      ],
      [
       91.794718,
       25.527189
      ],
      [
       91.794401,
       25.527328
      ],
      [
       91.794022,
       25.527238
      ],
      [
       91.793588,
       25.526814
      ],
      [
       91.79309,
       25.526724
      ],
      [
       91.792837,
       25.526814
      ],
      [
       91.792864,
       25.527042
      ],
      [
       91.792258,
       25.527051
      ],
      [
       91.792086,
       25.527336
      ],
      [
       91.790676,
       25.526781
      ],
      [
       91.790766,
       25.526341
      ],
      [
       91.790495,
       25.525761
      ],
      [
       91.790676,
       25.525035
      ],
      [
       91.790052,
       25.524741
      ],
      [
       91.790151,
       25.524088
      ],
      [
       91.789355,
       25.522742
      ],
      [
       91.789283,
       25.522269
      ],
      [
       91.788777,
       25.521681
      ],
      [
       91.788515,
       25.521705
      ],
      [
       91.788035,
       25.522432
      ],
      [
       91.78686,
       25.522342
      ],
      [
       91.785983,
       25.522546
      ],
      [
       91.785757,
       25.522979
      ],
      [
       91.785241,
       25.523019
      ],
      [
       91.78478,
       25.522636
      ],
      [
       91.784265,
       25.522562
      ],
      [
       91.783939,
       25.522897
      ],
      [
       91.782818,
       25.522693
      ],
      [
       91.781371,
       25.523321
      ],
      [
       91.78004,
       25.524205
      ],
      [
       91.780759,
       25.524848
      ],
      [
       91.780971,
       25.525956
      ],
      [
       91.78068,
       25.52734
      ],
      [
       91.781125,
       25.528152
      ],
      [
       91.782204,
       25.529023
      ],
      [
       91.784064,
       25.529466
      ],
      [
       91.784472,
       25.529902
      ],
      [
       91.784912,
       25.530861
      ],
      [
       91.785409,
       25.531305
      ],
      [
       91.787646,
       25.532049
      ],
      [
       91.788464,
       25.532997
      ],
      [
       91.789098,
       25.53342
      ],
      [
       91.791774,
       25.533746
      ],
      [
       91.792832,
       25.534125
      ],
      [
       91.793188,
       25.535142
      ],
      [
       91.793551,
       25.534859
      ],
      [
       91.794781,
       25.535039
      ],
      [
       91.795758,
       25.535692
      ],
      [
       91.796762,
       25.535977
      ],
      [
       91.797639,
       25.536818
      ],
      [
       91.798896,
       25.537234
      ],
      [
       91.799375,
       25.537789
      ],
      [
       91.799827,
       25.537682
      ],
      [
       91.800225,
       25.536932
      ],
      [
       91.799773,
       25.535781
      ],
      [
       91.799854,
       25.535553
      ],
      [
       91.800496,
       25.535569
      ],
      [
       91.800677,
       25.535341
      ],
      [
       91.799013,
       25.53379
      ],
      [
       91.799266,
       25.533415
      ],
      [
       91.799999,
       25.533105
      ],
      [
       91.802142,
       25.532893
      ],
      [
       91.80244,
       25.533529
      ],
      [
       91.802748,
       25.533611
      ],
      [
       91.802893,
       25.53313
      ],
      [
       91.803236,
       25.533089
      ],
      [
       91.803363,
       25.533366
      ],
      [
       91.803914,
       25.533497
      ],
      [
       91.804141,
       25.53388
      ],
      [
       91.804792,
       25.533962
      ],
      [
       91.805587,
       25.534394
      ],
      [
       91.806311,
       25.535169
      ],
      [
       91.806763,
       25.535251
      ],
      [
       91.806944,
       25.53592
      ],
      [
       91.807197,
       25.535936
      ],
      [
       91.807251,
       25.535055
      ],
      [
       91.807495,
       25.534713
      ],
      [
       91.807957,
       25.534745
      ],
      [
       91.808391,
       25.535251
      ],
      [
       91.808065,
       25.535945
      ],
      [
       91.808291,
       25.536353
      ],
      [
       91.808535,
       25.536467
      ],
      [
       91.809042,
       25.536263
      ],
      [
       91.809114,
       25.535798
      ],
      [
       91.810407,
       25.535708
      ],
      [
       91.811655,
       25.53703
      ],
      [
       91.811763,
       25.537707
      ],
      [
       91.812252,
       25.537821
      ],
      [
       91.812831,
       25.537813
      ],
      [
       91.81331,
       25.537479
      ],
      [
       91.814142,
       25.537544
      ],
      [
       91.814458,
       25.537185
      ],
      [
       91.814214,
       25.536785
      ],
      [
       91.814277,
       25.536222
      ],
      [
       91.814937,
       25.536238
      ],
      [
       91.815209,
       25.536059
      ],
      [
       91.815281,
       25.535732
      ],
      [
       91.815869,
       25.535349
      ],
      [
       91.817044,
       25.535488
      ],
      [
       91.818808,
       25.536622
      ],
      [
       91.819812,
       25.536646
      ],
      [
       91.820101,
       25.537111
      ],
      [
       91.821032,
       25.537258
      ],
      [
       91.82143,
       25.537821
      ],
      [
       91.822172,
       25.538205
      ],
      [
       91.821692,
       25.540644
      ],
      [
       91.821991,
       25.540889
      ],
      [
       91.822542,
       25.54084
      ],
      [
       91.823528,
       25.540383
      ],
      [
       91.822443,
       25.539274
      ],
      [
       91.822425,
       25.538988
      ],
      [
       91.822597,
       25.53889
      ],
      [
       91.823311,
       25.539119
      ],
      [
       91.824306,
       25.540294
      ],
      [
       91.825102,
       25.540807
      ],
      [
       91.825726,
       25.540799
      ],
      [
       91.825445,
       25.541101
      ],
      [
       91.825735,
       25.54137
      ],
      [
       91.825698,
       25.541607
      ],
      [
       91.825391,
       25.541632
      ],
      [
       91.82502,
       25.541297
      ],
      [
       91.824514,
       25.541411
      ],
      [
       91.824215,
       25.541574
      ],
      [
       91.824071,
       25.542374
      ],
      [
       91.823718,
       25.542521
      ],
      [
       91.823022,
       25.542309
      ],
      [
       91.823849,
       25.542672
      ],
      [
       91.824749,
       25.543655
      ],
      [
       91.825432,
       25.543822
      ]
     ]
    ]
   }
  },
  {
   "type": "Feature",
   "properties": {
    "name": "Dense Forest - Weak Signal 5",
    "kind": "advisory",
    "severity": 2,
    "osm_id": 499519248,
    "source": "OpenStreetMap"
   },
   "geometry": {
    "type": "Polygon",
    "coordinates": [
     [
      [
       91.849418,
       25.596022
      ],
      [
       91.849574,
       25.597769
      ],
      [
       91.849156,
       25.598989
      ],
      [
       91.851086,
       25.603694
      ],
      [
       91.850613,
       25.604114
      ],
      [
       91.850697,
       25.605154
      ],
      [
       91.85055,
       25.60574
      ],
      [
       91.850802,
       25.606223
      ],
      [
       91.851499,
       25.606219
      ],
      [
       91.851964,
       25.607416
      ],
      [
       91.853275,
       25.60845
      ],
      [
       91.856352,
       25.610098
      ],
      [
       91.857639,
       25.610449
      ],
      [
       91.859624,
       25.611491
      ],
      [
       91.861355,
       25.612812
      ],
      [
       91.862014,
       25.613793
      ],
      [
       91.862062,
       25.614135
      ],
      [
       91.861609,
       25.614878
      ],
      [
       91.861486,
       25.61636
      ],
      [
       91.860314,
       25.617407
      ],
      [
       91.858346,
       25.618347
      ],
      [
       91.858267,
       25.61897
      ],
      [
       91.858501,
       25.61943
      ],
      [
       91.85937,
       25.619958
      ],
      [
       91.86062,
       25.620087
      ],
      [
       91.862101,
       25.619958
      ],
      [
       91.864832,
       25.620374
      ],
      [
       91.865889,
       25.619905
      ],
      [
       91.866713,
       25.619948
      ],
      [
       91.86734,
       25.62068
      ],
      [
       91.867105,
       25.621221
      ],
      [
       91.866608,
       25.620996
      ],
      [
       91.866346,
       25.620523
      ],
      [
       91.866021,
       25.620476
      ],
      [
       91.865276,
       25.621166
      ],
      [
       91.864762,
       25.621251
      ],
      [
       91.864898,
       25.621535
      ],
      [
       91.866451,
       25.621535
      ],
      [
       91.866912,
       25.621847
      ],
      [
       91.86644,
       25.622121
      ],
      [
       91.86664,
       25.622395
      ],
      [
       91.868926,
       25.622698
      ],
      [
       91.868957,
       25.623114
      ],
      [
       91.869241,
       25.623228
      ],
      [
       91.870109,
       25.621991
      ],
      [
       91.8704,
       25.622303
      ],
      [
       91.871208,
       25.622551
      ],
      [
       91.870886,
       25.623616
      ],
      [
       91.870248,
       25.623578
      ],
      [
       91.869555,
       25.624826
      ],
      [
       91.868842,
       25.625157
      ],
      [
       91.868223,
       25.624826
      ],
      [
       91.867688,
       25.624268
      ],
      [
       91.867741,
       25.623776
      ],
      [
       91.868213,
       25.623332
      ],
      [
       91.86772,
       25.62319
      ],
      [
       91.866965,
       25.623975
      ],
      [
       91.866776,
       25.624618
      ],
      [
       91.866388,
       25.624722
      ],
      [
       91.865884,
       25.624485
      ],
      [
       91.866126,
       25.623701
      ],
      [
       91.866052,
       25.62319
      ],
      [
       91.865475,
       25.623313
      ],
      [
       91.865108,
       25.623833
      ],
      [
       91.864038,
       25.623691
      ],
      [
       91.862769,
       25.623786
      ],
      [
       91.862413,
       25.623521
      ],
      [
       91.862339,
       25.623152
      ],
      [
       91.86322,
       25.621951
      ],
      [
       91.863168,
       25.621336
      ],
      [
       91.862769,
       25.620646
      ],
      [
       91.861605,
       25.620523
      ],
      [
       91.859885,
       25.621365
      ],
      [
       91.858532,
       25.622282
      ],
      [
       91.857766,
       25.622225
      ],
      [
       91.857609,
       25.621639
      ],
      [
       91.857399,
       25.621592
      ],
      [
       91.856906,
       25.621989
      ],
      [
       91.856613,
       25.621904
      ],
      [
       91.85656,
       25.621601
      ],
      [
       91.855616,
       25.62092
      ],
      [
       91.855931,
       25.619615
      ],
      [
       91.855144,
       25.619331
      ],
      [
       91.855522,
       25.618783
      ],
      [
       91.855165,
       25.618669
      ],
      [
       91.854588,
       25.619473
      ],
      [
       91.853812,
       25.619473
      ],
      [
       91.854043,
       25.618726
      ],
      [
       91.853214,
       25.618253
      ],
      [
       91.85312,
       25.617449
      ],
      [
       91.852092,
       25.61656
      ],
      [
       91.852071,
       25.614981
      ],
      [
       91.851578,
       25.614489
      ],
      [
       91.850099,
       25.614413
      ],
      [
       91.85012,
       25.613714
      ],
      [
       91.849795,
       25.613487
      ],
      [
       91.849847,
       25.611907
      ],
      [
       91.848851,
       25.611765
      ],
      [
       91.848463,
       25.611151
      ],
      [
       91.847404,
       25.610678
      ],
      [
       91.846743,
       25.609997
      ],
      [
       91.845558,
       25.607311
      ],
      [
       91.845663,
       25.606506
      ],
      [
       91.84496,
       25.606384
      ],
      [
       91.843659,
       25.604908
      ],
      [
       91.842285,
       25.603839
      ],
      [
       91.842201,
       25.603518
      ],
      [
       91.842883,
       25.603196
      ],
      [
       91.84389,
       25.603319
      ],
      [
       91.84518,
       25.605372
      ],
      [
       91.845904,
       25.605844
      ],
      [
       91.846334,
       25.605835
      ],
      [
       91.846302,
       25.605315
      ],
      [
       91.845442,
       25.604577
      ],
      [
       91.844834,
       25.603697
      ],
      [
       91.844729,
       25.603073
      ],
      [
       91.844865,
       25.60278
      ],
      [
       91.846282,
       25.602506
      ],
      [
       91.846156,
       25.602146
      ],
      [
       91.844949,
       25.602203
      ],
      [
       91.844603,
       25.602033
      ],
      [
       91.844173,
       25.601087
      ],
      [
       91.844236,
       25.600406
      ],
      [
       91.844897,
       25.599195
      ],
      [
       91.845495,
       25.598978
      ],
      [
       91.845694,
       25.598277
      ],
      [
       91.846239,
       25.597776
      ],
      [
       91.847676,
       25.597757
      ],
      [
       91.847383,
       25.597123
      ],
      [
       91.847509,
       25.596518
      ],
      [
       91.848033,
       25.596159
      ],
      [
       91.848736,
       25.596036
      ]
     ]
    ]
   }
  },
  {
   "type": "Feature",
   "properties": {
    "name": "Dense Forest - Weak Signal 6",
    "kind": "advisory",
    "severity": 2,
    "osm_id": 497750062,
    "source": "OpenStreetMap"
   },
   "geometry": {
    "type": "Polygon",
    "coordinates": [
     [
      [
       91.863786,
       25.581388
      ],
      [
       91.864296,
       25.582596
      ],
      [
       91.867323,
       25.585185
      ],
      [
       91.867677,
       25.58562
      ],
      [
       91.867891,
       25.586461
      ],
      [
       91.868628,
       25.586694
      ],
      [
       91.869928,
       25.586519
      ],
      [
       91.870109,
       25.586724
      ],
      [
       91.869272,
       25.586978
      ],
      [
       91.869302,
       25.587501
      ],
      [
       91.867781,
       25.589238
      ],
      [
       91.86704,
       25.589428
      ],
      [
       91.866702,
       25.589326
      ],
      [
       91.866712,
       25.588345
      ],
      [
       91.86651,
       25.588045
      ],
      [
       91.865471,
       25.587781
      ],
      [
       91.864373,
       25.587956
      ],
      [
       91.86372,
       25.587584
      ],
      [
       91.863788,
       25.58832
      ],
      [
       91.862144,
       25.588937
      ],
      [
       91.861411,
       25.590196
      ],
      [
       91.859093,
       25.590714
      ],
      [
       91.858144,
       25.591328
      ],
      [
       91.858412,
       25.592463
      ],
      [
       91.857478,
       25.594086
      ],
      [
       91.857546,
       25.595047
      ],
      [
       91.856656,
       25.595819
      ],
      [
       91.856032,
       25.597726
      ],
      [
       91.855773,
       25.598013
      ],
      [
       91.855301,
       25.597835
      ],
      [
       91.854169,
       25.596882
      ],
      [
       91.853395,
       25.59662
      ],
      [
       91.852853,
       25.59669
      ],
      [
       91.851675,
       25.59644
      ],
      [
       91.851261,
       25.596606
      ],
      [
       91.851157,
       25.597158
      ],
      [
       91.850131,
       25.597196
      ],
      [
       91.849509,
       25.595708
      ],
      [
       91.84677,
       25.593808
      ],
      [
       91.845337,
       25.5924
      ],
      [
       91.844692,
       25.59202
      ],
      [
       91.842814,
       25.59186
      ],
      [
       91.840609,
       25.592255
      ],
      [
       91.839964,
       25.591631
      ],
      [
       91.839821,
       25.590435
      ],
      [
       91.842411,
       25.589263
      ],
      [
       91.843219,
       25.589225
      ],
      [
       91.846072,
       25.588043
      ],
      [
       91.846879,
       25.588402
      ],
      [
       91.84753,
       25.588951
      ],
      [
       91.848138,
       25.588932
      ],
      [
       91.849501,
       25.588336
      ],
      [
       91.850225,
       25.589603
      ],
      [
       91.851054,
       25.589509
      ],
      [
       91.8514,
       25.589887
      ],
      [
       91.85076,
       25.591382
      ],
      [
       91.850949,
       25.591647
      ],
      [
       91.8514,
       25.591855
      ],
      [
       91.852375,
       25.591902
      ],
      [
       91.852994,
       25.591457
      ],
      [
       91.853697,
       25.59053
      ],
      [
       91.853802,
       25.589726
      ],
      [
       91.852144,
       25.588298
      ],
      [
       91.850687,
       25.587494
      ],
      [
       91.850382,
       25.58668
      ],
      [
       91.850393,
       25.586311
      ],
      [
       91.850781,
       25.586094
      ],
      [
       91.852071,
       25.586094
      ],
      [
       91.852512,
       25.585782
      ],
      [
       91.852396,
       25.585573
      ],
      [
       91.85183,
       25.585507
      ],
      [
       91.851106,
       25.584911
      ],
      [
       91.850466,
       25.584873
      ],
      [
       91.850456,
       25.584542
      ],
      [
       91.851043,
       25.584372
      ],
      [
       91.851725,
       25.583871
      ],
      [
       91.85397,
       25.585441
      ],
      [
       91.854966,
       25.585895
      ],
      [
       91.85548,
       25.585517
      ],
      [
       91.856644,
       25.585838
      ],
      [
       91.85763,
       25.585488
      ],
      [
       91.856466,
       25.584268
      ],
      [
       91.856308,
       25.583681
      ],
      [
       91.854924,
       25.582092
      ],
      [
       91.852616,
       25.580276
      ],
      [
       91.851284,
       25.578658
      ],
      [
       91.85184,
       25.578847
      ],
      [
       91.854106,
       25.580711
      ],
      [
       91.855805,
       25.582187
      ],
      [
       91.857703,
       25.584192
      ],
      [
       91.859109,
       25.585063
      ],
      [
       91.860808,
       25.585791
      ],
      [
       91.861091,
       25.585479
      ],
      [
       91.861227,
       25.584656
      ],
      [
       91.861899,
       25.583994
      ],
      [
       91.861311,
       25.582016
      ],
      [
       91.862339,
       25.582092
      ],
      [
       91.863755,
       25.583549
      ],
      [
       91.863,
       25.583804
      ],
      [
       91.863,
       25.583956
      ],
      [
       91.863346,
       25.584211
      ],
      [
       91.86386,
       25.585564
      ],
      [
       91.863168,
       25.585876
      ],
      [
       91.86256,
       25.585299
      ],
      [
       91.862129,
       25.585204
      ],
      [
       91.861783,
       25.585346
      ],
      [
       91.861689,
       25.585602
      ],
      [
       91.862004,
       25.586169
      ],
      [
       91.862958,
       25.586699
      ],
      [
       91.863671,
       25.586519
      ],
      [
       91.864017,
       25.586652
      ],
      [
       91.864668,
       25.587371
      ],
      [
       91.865402,
       25.587588
      ],
      [
       91.865465,
       25.587418
      ],
      [
       91.864248,
       25.585905
      ],
      [
       91.864919,
       25.584921
      ],
      [
       91.864825,
       25.584438
      ],
      [
       91.864185,
       25.583331
      ],
      [
       91.86343,
       25.582764
      ],
      [
       91.863556,
       25.581837
      ],
      [
       91.86322,
       25.581137
      ],
      [
       91.862255,
       25.580645
      ],
      [
       91.862539,
       25.579803
      ],
      [
       91.863262,
       25.58037
      ]
     ]
    ]
   }
  },
  {
   "type": "Feature",
   "properties": {
    "name": "Dense Forest - Weak Signal 7",
    "kind": "advisory",
    "severity": 2,
    "osm_id": 511581969,
    "source": "OpenStreetMap"
   },
   "geometry": {
    "type": "Polygon",
    "coordinates": [
     [
      [
       91.93803,
       25.615936
      ],
      [
       91.938551,
       25.617189
      ],
      [
       91.939688,
       25.618678
      ],
      [
       91.941206,
       25.620158
      ],
      [
       91.945229,
       25.621726
      ],
      [
       91.947085,
       25.622064
      ],
      [
       91.94686,
       25.622703
      ],
      [
       91.949258,
       25.624328
      ],
      [
       91.949628,
       25.623902
      ],
      [
       91.950873,
       25.62398
      ],
      [
       91.952519,
       25.625015
      ],
      [
       91.952444,
       25.625344
      ],
      [
       91.951822,
       25.625953
      ],
      [
       91.952729,
       25.626514
      ],
      [
       91.953442,
       25.625411
      ],
      [
       91.954043,
       25.625542
      ],
      [
       91.953989,
       25.625939
      ],
      [
       91.953169,
       25.626814
      ],
      [
       91.955245,
       25.628932
      ],
      [
       91.955448,
       25.629982
      ],
      [
       91.95267,
       25.629856
      ],
      [
       91.949387,
       25.631612
      ],
      [
       91.946747,
       25.630229
      ],
      [
       91.944001,
       25.629677
      ],
      [
       91.943378,
       25.628459
      ],
      [
       91.94104,
       25.627404
      ],
      [
       91.940031,
       25.625237
      ],
      [
       91.937773,
       25.625029
      ],
      [
       91.936582,
       25.624545
      ],
      [
       91.935831,
       25.623888
      ],
      [
       91.934763,
       25.624086
      ],
      [
       91.933642,
       25.622659
      ],
      [
       91.932033,
       25.62234
      ],
      [
       91.930987,
       25.621116
      ],
      [
       91.930075,
       25.620952
      ],
      [
       91.930096,
       25.620362
      ],
      [
       91.929798,
       25.62018
      ],
      [
       91.929348,
       25.620173
      ],
      [
       91.928675,
       25.619747
      ],
      [
       91.925837,
       25.618862
      ],
      [
       91.925397,
       25.618132
      ],
      [
       91.924818,
       25.617643
      ],
      [
       91.924517,
       25.616095
      ],
      [
       91.926277,
       25.615805
      ],
      [
       91.926625,
       25.615036
      ],
      [
       91.928149,
       25.614528
      ],
      [
       91.931298,
       25.61448
      ],
      [
       91.931877,
       25.614896
      ],
      [
       91.933014,
       25.617159
      ],
      [
       91.93427,
       25.617179
      ],
      [
       91.935461,
       25.616637
      ],
      [
       91.937456,
       25.616502
      ]
     ]
    ]
   }
  },
  {
   "type": "Feature",
   "properties": {
    "name": "Dense Forest - Weak Signal 8",
    "kind": "advisory",
    "severity": 2,
    "osm_id": 1475534076,
    "source": "OpenStreetMap"
   },
   "geometry": {
    "type": "Polygon",
    "coordinates": [
     [
      [
       91.789066,
       25.557968
      ],
      [
       91.788443,
       25.557435
      ],
      [
       91.785804,
       25.557968
      ],
      [
       91.784785,
       25.558742
      ],
      [
       91.784173,
       25.559497
      ],
      [
       91.784055,
       25.560465
      ],
      [
       91.781931,
       25.559836
      ],
      [
       91.78045,
       25.559158
      ],
      [
       91.779882,
       25.559623
      ],
      [
       91.779817,
       25.560184
      ],
      [
       91.782188,
       25.562875
      ],
      [
       91.783143,
       25.562904
      ],
      [
       91.783626,
       25.563088
      ],
      [
       91.783733,
       25.563349
      ],
      [
       91.785482,
       25.563388
      ],
      [
       91.785858,
       25.563639
      ],
      [
       91.786576,
       25.56482
      ],
      [
       91.786512,
       25.565091
      ],
      [
       91.787038,
       25.565759
      ],
      [
       91.7878,
       25.566214
      ],
      [
       91.789173,
       25.567549
      ],
      [
       91.790192,
       25.568082
      ],
      [
       91.791458,
       25.566959
      ],
      [
       91.791598,
       25.566359
      ],
      [
       91.791437,
       25.565788
      ],
      [
       91.791694,
       25.565362
      ],
      [
       91.792617,
       25.565227
      ],
      [
       91.793969,
       25.564143
      ],
      [
       91.797252,
       25.565362
      ],
      [
       91.800073,
       25.565333
      ],
      [
       91.800567,
       25.566078
      ],
      [
       91.800674,
       25.567346
      ],
      [
       91.800191,
       25.567578
      ],
      [
       91.798196,
       25.56785
      ],
      [
       91.796672,
       25.56843
      ],
      [
       91.796393,
       25.568837
      ],
      [
       91.796254,
       25.56995
      ],
      [
       91.797305,
       25.572892
      ],
      [
       91.797745,
       25.572698
      ],
      [
       91.798217,
       25.57054
      ],
      [
       91.798603,
       25.570172
      ],
      [
       91.799408,
       25.57025
      ],
      [
       91.801597,
       25.57145
      ],
      [
       91.801726,
       25.571063
      ],
      [
       91.801318,
       25.569388
      ],
      [
       91.801704,
       25.568895
      ],
      [
       91.801994,
       25.56785
      ],
      [
       91.802477,
       25.567627
      ],
      [
       91.80149,
       25.565624
      ],
      [
       91.801865,
       25.565217
      ],
      [
       91.803228,
       25.565314
      ],
      [
       91.804,
       25.564152
      ],
      [
       91.805459,
       25.564907
      ],
      [
       91.805974,
       25.564801
      ],
      [
       91.804504,
       25.563059
      ],
      [
       91.805384,
       25.562759
      ],
      [
       91.805159,
       25.561965
      ],
      [
       91.805588,
       25.561655
      ],
      [
       91.806446,
       25.561733
      ],
      [
       91.807058,
       25.562042
      ],
      [
       91.80768,
       25.561849
      ],
      [
       91.807787,
       25.561278
      ],
      [
       91.807637,
       25.560271
      ],
      [
       91.806146,
       25.558597
      ],
      [
       91.806908,
       25.558219
      ],
      [
       91.806307,
       25.557629
      ],
      [
       91.804419,
       25.558035
      ],
      [
       91.8037,
       25.557687
      ],
      [
       91.80253,
       25.558142
      ],
      [
       91.802273,
       25.557726
      ],
      [
       91.801146,
       25.556855
      ],
      [
       91.800277,
       25.556932
      ],
      [
       91.801833,
       25.558664
      ],
      [
       91.802981,
       25.559032
      ],
      [
       91.805556,
       25.558926
      ],
      [
       91.806146,
       25.559187
      ],
      [
       91.806478,
       25.559836
      ],
      [
       91.805738,
       25.560165
      ],
      [
       91.804118,
       25.560184
      ],
      [
       91.802745,
       25.560455
      ],
      [
       91.801307,
       25.561036
      ],
      [
       91.800749,
       25.56061
      ],
      [
       91.799365,
       25.560813
      ],
      [
       91.797928,
       25.560271
      ],
      [
       91.795331,
       25.558732
      ],
      [
       91.793851,
       25.558432
      ],
      [
       91.792349,
       25.557464
      ],
      [
       91.791877,
       25.557832
      ],
      [
       91.793507,
       25.559894
      ],
      [
       91.794323,
       25.560174
      ],
      [
       91.794902,
       25.560803
      ],
      [
       91.796233,
       25.56122
      ],
      [
       91.799033,
       25.562526
      ],
      [
       91.798829,
       25.563136
      ],
      [
       91.797112,
       25.563107
      ],
      [
       91.796662,
       25.563359
      ],
      [
       91.796662,
       25.563862
      ],
      [
       91.795889,
       25.563891
      ],
      [
       91.795031,
       25.563523
      ],
      [
       91.793958,
       25.562614
      ],
      [
       91.793014,
       25.562207
      ],
      [
       91.79193,
       25.56091
      ],
      [
       91.791984,
       25.560397
      ],
      [
       91.792477,
       25.56031
      ],
      [
       91.791608,
       25.559023
      ],
      [
       91.790868,
       25.558742
      ],
      [
       91.790482,
       25.558084
      ],
      [
       91.789613,
       25.558113
      ]
     ]
    ]
   }
  },
  {
   "type": "Feature",
   "properties": {
    "name": "Dense Forest - Weak Signal 9",
    "kind": "advisory",
    "severity": 2,
    "osm_id": 499519246,
    "source": "OpenStreetMap"
   },
   "geometry": {
    "type": "Polygon",
    "coordinates": [
     [
      [
       91.841265,
       25.592556
      ],
      [
       91.844194,
       25.594759
      ],
      [
       91.84474,
       25.597407
      ],
      [
       91.843733,
       25.598126
      ],
      [
       91.842201,
       25.598599
      ],
      [
       91.840628,
       25.598826
      ],
      [
       91.839076,
       25.599507
      ],
      [
       91.836412,
       25.602364
      ],
      [
       91.836685,
       25.60278
      ],
      [
       91.837083,
       25.602837
      ],
      [
       91.838153,
       25.602118
      ],
      [
       91.838447,
       25.603158
      ],
      [
       91.838761,
       25.603328
      ],
      [
       91.840062,
       25.603839
      ],
      [
       91.841845,
       25.60365
      ],
      [
       91.841845,
       25.604482
      ],
      [
       91.840754,
       25.606904
      ],
      [
       91.840151,
       25.60675
      ],
      [
       91.839788,
       25.60765
      ],
      [
       91.839063,
       25.607547
      ],
      [
       91.838837,
       25.607036
      ],
      [
       91.838021,
       25.606832
      ],
      [
       91.837319,
       25.606342
      ],
      [
       91.837727,
       25.605095
      ],
      [
       91.836798,
       25.604543
      ],
      [
       91.835234,
       25.60248
      ],
      [
       91.83469,
       25.602439
      ],
      [
       91.834962,
       25.604155
      ],
      [
       91.833716,
       25.604094
      ],
      [
       91.833195,
       25.603828
      ],
      [
       91.8329,
       25.603297
      ],
      [
       91.832266,
       25.603481
      ],
      [
       91.831405,
       25.602786
      ],
      [
       91.830113,
       25.602602
      ],
      [
       91.829886,
       25.602888
      ],
      [
       91.830204,
       25.604033
      ],
      [
       91.829637,
       25.604993
      ],
      [
       91.828776,
       25.605361
      ],
      [
       91.828481,
       25.604789
      ],
      [
       91.828957,
       25.603277
      ],
      [
       91.828572,
       25.602909
      ],
      [
       91.827734,
       25.603665
      ],
      [
       91.826963,
       25.603583
      ],
      [
       91.82583,
       25.604278
      ],
      [
       91.824901,
       25.604094
      ],
      [
       91.824539,
       25.603277
      ],
      [
       91.822817,
       25.603563
      ],
      [
       91.821366,
       25.60342
      ],
      [
       91.820732,
       25.604053
      ],
      [
       91.819554,
       25.604094
      ],
      [
       91.818104,
       25.604584
      ],
      [
       91.816449,
       25.603624
      ],
      [
       91.816517,
       25.602847
      ],
      [
       91.819123,
       25.602439
      ],
      [
       91.820301,
       25.60109
      ],
      [
       91.819463,
       25.599435
      ],
      [
       91.821027,
       25.59966
      ],
      [
       91.822975,
       25.60107
      ],
      [
       91.824788,
       25.601131
      ],
      [
       91.831241,
       25.599225
      ],
      [
       91.831713,
       25.598452
      ],
      [
       91.83068,
       25.598045
      ],
      [
       91.827462,
       25.59731
      ],
      [
       91.826827,
       25.596533
      ],
      [
       91.826352,
       25.594694
      ],
      [
       91.827031,
       25.594203
      ],
      [
       91.8283,
       25.5959
      ],
      [
       91.830068,
       25.595389
      ],
      [
       91.834033,
       25.598086
      ],
      [
       91.836888,
       25.596431
      ],
      [
       91.836979,
       25.595736
      ],
      [
       91.839063,
       25.596063
      ],
      [
       91.839381,
       25.595225
      ],
      [
       91.840491,
       25.594592
      ],
      [
       91.841805,
       25.594285
      ]
     ]
    ]
   }
  },
  {
   "type": "Feature",
   "properties": {
    "name": "Dense Forest - Weak Signal 10",
    "kind": "advisory",
    "severity": 2,
    "osm_id": 132065006,
    "source": "OpenStreetMap"
   },
   "geometry": {
    "type": "Polygon",
    "coordinates": [
     [
      [
       91.912175,
       25.612887
      ],
      [
       91.910912,
       25.605094
      ],
      [
       91.910054,
       25.602347
      ],
      [
       91.909796,
       25.600276
      ],
      [
       91.908123,
       25.597064
      ],
      [
       91.906449,
       25.595322
      ],
      [
       91.903016,
       25.595593
      ],
      [
       91.897867,
       25.598435
      ],
      [
       91.897823,
       25.598883
      ],
      [
       91.896096,
       25.599919
      ],
      [
       91.895968,
       25.600544
      ],
      [
       91.896203,
       25.600809
      ],
      [
       91.896493,
       25.600644
      ],
      [
       91.896837,
       25.600747
      ],
      [
       91.897202,
       25.60098
      ],
      [
       91.897406,
       25.601405
      ],
      [
       91.897426,
       25.602144
      ],
      [
       91.89689,
       25.602879
      ],
      [
       91.897148,
       25.603195
      ],
      [
       91.897502,
       25.602605
      ],
      [
       91.897727,
       25.602557
      ],
      [
       91.897705,
       25.602821
      ],
      [
       91.898135,
       25.602676
      ],
      [
       91.899314,
       25.6033
      ],
      [
       91.900107,
       25.602394
      ],
      [
       91.900435,
       25.601522
      ],
      [
       91.90174,
       25.601525
      ],
      [
       91.901997,
       25.601966
      ],
      [
       91.901772,
       25.602289
      ],
      [
       91.90204,
       25.602405
      ],
      [
       91.902222,
       25.60225
      ],
      [
       91.902533,
       25.602899
      ],
      [
       91.902287,
       25.604211
      ],
      [
       91.901632,
       25.604776
      ],
      [
       91.900795,
       25.604969
      ],
      [
       91.900646,
       25.605469
      ],
      [
       91.901139,
       25.605604
      ],
      [
       91.901621,
       25.605492
      ],
      [
       91.901933,
       25.605885
      ],
      [
       91.902233,
       25.605962
      ],
      [
       91.902834,
       25.605266
      ],
      [
       91.902587,
       25.605105
      ],
      [
       91.902684,
       25.604901
      ],
      [
       91.903145,
       25.604859
      ],
      [
       91.903263,
       25.605169
      ],
      [
       91.903477,
       25.604834
      ],
      [
       91.903746,
       25.604801
      ],
      [
       91.903714,
       25.605604
      ],
      [
       91.903252,
       25.605453
      ],
      [
       91.903006,
       25.605695
      ],
      [
       91.903875,
       25.605966
      ],
      [
       91.904207,
       25.605598
      ],
      [
       91.90468,
       25.605546
      ],
      [
       91.905077,
       25.60721
      ],
      [
       91.905649,
       25.607671
      ],
      [
       91.905742,
       25.607461
      ],
      [
       91.906906,
       25.607722
      ],
      [
       91.908295,
       25.607156
      ],
      [
       91.909883,
       25.606962
      ],
      [
       91.910902,
       25.608404
      ],
      [
       91.910586,
       25.609159
      ],
      [
       91.90998,
       25.609913
      ],
      [
       91.910049,
       25.610387
      ],
      [
       91.908896,
       25.610993
      ],
      [
       91.9091,
       25.611505
      ],
      [
       91.9105,
       25.612438
      ],
      [
       91.911554,
       25.612663
      ],
      [
       91.911715,
       25.612905
      ]
     ]
    ]
   }
  },
  {
   "type": "Feature",
   "properties": {
    "name": "Dense Forest - Weak Signal 11",
    "kind": "advisory",
    "severity": 2,
    "osm_id": 499519253,
    "source": "OpenStreetMap"
   },
   "geometry": {
    "type": "Polygon",
    "coordinates": [
     [
      [
       91.904587,
       25.625668
      ],
      [
       91.905594,
       25.62633
      ],
      [
       91.906496,
       25.626547
      ],
      [
       91.906789,
       25.625696
      ],
      [
       91.90874,
       25.625535
      ],
      [
       91.909128,
       25.625895
      ],
      [
       91.909978,
       25.625791
      ],
      [
       91.911436,
       25.624221
      ],
      [
       91.911499,
       25.623786
      ],
      [
       91.910513,
       25.62283
      ],
      [
       91.910555,
       25.622594
      ],
      [
       91.911278,
       25.622471
      ],
      [
       91.913145,
       25.620977
      ],
      [
       91.914294,
       25.622303
      ],
      [
       91.917604,
       25.622231
      ],
      [
       91.918412,
       25.625361
      ],
      [
       91.922312,
       25.628732
      ],
      [
       91.922921,
       25.628845
      ],
      [
       91.923907,
       25.629412
      ],
      [
       91.924483,
       25.629289
      ],
      [
       91.924798,
       25.629658
      ],
      [
       91.924735,
       25.630055
      ],
      [
       91.923728,
       25.630264
      ],
      [
       91.923424,
       25.629469
      ],
      [
       91.923088,
       25.629431
      ],
      [
       91.922994,
       25.629148
      ],
      [
       91.92247,
       25.629242
      ],
      [
       91.922428,
       25.629772
      ],
      [
       91.921536,
       25.629904
      ],
      [
       91.921379,
       25.630273
      ],
      [
       91.920152,
       25.630557
      ],
      [
       91.918432,
       25.630434
      ],
      [
       91.917016,
       25.630727
      ],
      [
       91.916932,
       25.631029
      ],
      [
       91.918537,
       25.632949
      ],
      [
       91.91839,
       25.633119
      ],
      [
       91.917488,
       25.632429
      ],
      [
       91.916701,
       25.63242
      ],
      [
       91.915893,
       25.631937
      ],
      [
       91.915338,
       25.631105
      ],
      [
       91.914614,
       25.631105
      ],
      [
       91.913659,
       25.630254
      ],
      [
       91.912632,
       25.6298
      ],
      [
       91.91218,
       25.629375
      ],
      [
       91.912065,
       25.628826
      ],
      [
       91.912474,
       25.628363
      ],
      [
       91.913114,
       25.628126
      ],
      [
       91.913282,
       25.627795
      ],
      [
       91.912883,
       25.627114
      ],
      [
       91.914257,
       25.62736
      ],
      [
       91.914593,
       25.627152
      ],
      [
       91.915233,
       25.627228
      ],
      [
       91.91561,
       25.627654
      ],
      [
       91.915851,
       25.627559
      ],
      [
       91.915998,
       25.626906
      ],
      [
       91.917194,
       25.626311
      ],
      [
       91.916648,
       25.62598
      ],
      [
       91.911729,
       25.626566
      ],
      [
       91.910418,
       25.626103
      ],
      [
       91.910219,
       25.626367
      ],
      [
       91.910911,
       25.627039
      ],
      [
       91.910932,
       25.627587
      ],
      [
       91.909852,
       25.628202
      ],
      [
       91.910209,
       25.628892
      ],
      [
       91.90981,
       25.62946
      ],
      [
       91.909254,
       25.62946
      ],
      [
       91.908929,
       25.628845
      ],
      [
       91.907398,
       25.628599
      ],
      [
       91.906999,
       25.627909
      ],
      [
       91.906789,
       25.628221
      ],
      [
       91.906443,
       25.628278
      ],
      [
       91.904817,
       25.628183
      ],
      [
       91.904943,
       25.627275
      ],
      [
       91.903423,
       25.626008
      ],
      [
       91.903496,
       25.625554
      ],
      [
       91.903915,
       25.625535
      ]
     ]
    ]
   }
  },
  {
   "type": "Feature",
   "properties": {
    "name": "Dense Forest - Weak Signal 12",
    "kind": "advisory",
    "severity": 2,
    "osm_id": 511581966,
    "source": "OpenStreetMap"
   },
   "geometry": {
    "type": "Polygon",
    "coordinates": [
     [
      [
       91.912911,
       25.613205
      ],
      [
       91.9133,
       25.613507
      ],
      [
       91.914338,
       25.613541
      ],
      [
       91.914826,
       25.613428
      ],
      [
       91.915087,
       25.612879
      ],
      [
       91.915918,
       25.612521
      ],
      [
       91.916776,
       25.610755
      ],
      [
       91.917329,
       25.610353
      ],
      [
       91.91735,
       25.607969
      ],
      [
       91.918337,
       25.607509
      ],
      [
       91.918868,
       25.607814
      ],
      [
       91.918606,
       25.608307
      ],
      [
       91.918799,
       25.608767
      ],
      [
       91.919786,
       25.609313
      ],
      [
       91.920059,
       25.609662
      ],
      [
       91.919882,
       25.611239
      ],
      [
       91.920558,
       25.611529
      ],
      [
       91.921486,
       25.612332
      ],
      [
       91.921921,
       25.612521
      ],
      [
       91.922538,
       25.612429
      ],
      [
       91.922897,
       25.612211
      ],
      [
       91.92411,
       25.609933
      ],
      [
       91.923514,
       25.608549
      ],
      [
       91.923509,
       25.607775
      ],
      [
       91.924777,
       25.607001
      ],
      [
       91.924949,
       25.606617
      ],
      [
       91.924488,
       25.606041
      ],
      [
       91.923946,
       25.606138
      ],
      [
       91.923916,
       25.605322
      ],
      [
       91.923364,
       25.604873
      ],
      [
       91.922538,
       25.602942
      ],
      [
       91.921363,
       25.60107
      ],
      [
       91.920987,
       25.600799
      ],
      [
       91.920397,
       25.599348
      ],
      [
       91.917919,
       25.598835
      ],
      [
       91.916749,
       25.599454
      ],
      [
       91.917007,
       25.599938
      ],
      [
       91.916127,
       25.600441
      ],
      [
       91.916235,
       25.599977
      ],
      [
       91.914555,
       25.598903
      ],
      [
       91.909722,
       25.597451
      ],
      [
       91.909328,
       25.598262
      ],
      [
       91.909677,
       25.598402
      ],
      [
       91.910014,
       25.598951
      ],
      [
       91.910672,
       25.600596
      ],
      [
       91.911648,
       25.604142
      ],
      [
       91.911801,
       25.605743
      ],
      [
       91.911264,
       25.605784
      ],
      [
       91.911479,
       25.607195
      ],
      [
       91.911908,
       25.607395
      ],
      [
       91.912098,
       25.60794
      ],
      [
       91.912254,
       25.610257
      ],
      [
       91.912626,
       25.612165
      ]
     ]
    ]
   }
  },
  {
   "type": "Feature",
   "properties": {
    "name": "Dense Forest - Weak Signal 13",
    "kind": "advisory",
    "severity": 2,
    "osm_id": 500359244,
    "source": "OpenStreetMap"
   },
   "geometry": {
    "type": "Polygon",
    "coordinates": [
     [
      [
       91.824168,
       25.569444
      ],
      [
       91.820439,
       25.569499
      ],
      [
       91.820347,
       25.569775
      ],
      [
       91.822217,
       25.571901
      ],
      [
       91.822522,
       25.571974
      ],
      [
       91.824066,
       25.571241
      ],
      [
       91.824889,
       25.570572
      ],
      [
       91.825235,
       25.569921
      ],
      [
       91.825885,
       25.56982
      ],
      [
       91.8262,
       25.570095
      ],
      [
       91.826688,
       25.570132
      ],
      [
       91.827013,
       25.570462
      ],
      [
       91.826667,
       25.570829
      ],
      [
       91.823304,
       25.572258
      ],
      [
       91.823213,
       25.572542
      ],
      [
       91.827287,
       25.574907
      ],
      [
       91.827775,
       25.574843
      ],
      [
       91.828516,
       25.574045
      ],
      [
       91.829126,
       25.574137
      ],
      [
       91.829126,
       25.574568
      ],
      [
       91.827917,
       25.575356
      ],
      [
       91.83193,
       25.578719
      ],
      [
       91.832387,
       25.578655
      ],
      [
       91.833271,
       25.57784
      ],
      [
       91.836076,
       25.577253
      ],
      [
       91.836746,
       25.577253
      ],
      [
       91.838116,
       25.578087
      ],
      [
       91.840796,
       25.570787
      ],
      [
       91.838514,
       25.570279
      ],
      [
       91.837549,
       25.570288
      ],
      [
       91.836604,
       25.570471
      ],
      [
       91.835019,
       25.571278
      ],
      [
       91.834247,
       25.57114
      ],
      [
       91.834033,
       25.570911
      ],
      [
       91.83383,
       25.571259
      ],
      [
       91.834216,
       25.572148
      ],
      [
       91.834104,
       25.572267
      ],
      [
       91.833444,
       25.571607
      ],
      [
       91.831757,
       25.571837
      ],
      [
       91.832022,
       25.572927
      ],
      [
       91.833302,
       25.573734
      ],
      [
       91.833089,
       25.573926
      ],
      [
       91.832469,
       25.573715
      ],
      [
       91.831879,
       25.573935
      ],
      [
       91.831727,
       25.573706
      ],
      [
       91.831808,
       25.57301
      ],
      [
       91.831188,
       25.572176
      ],
      [
       91.831148,
       25.571644
      ],
      [
       91.831422,
       25.571452
      ],
      [
       91.832713,
       25.571378
      ],
      [
       91.833302,
       25.571158
      ],
      [
       91.833292,
       25.570608
      ],
      [
       91.832601,
       25.570169
      ],
      [
       91.831798,
       25.570966
      ],
      [
       91.831138,
       25.571048
      ],
      [
       91.83068,
       25.571443
      ],
      [
       91.829929,
       25.571424
      ],
      [
       91.829868,
       25.571864
      ],
      [
       91.829593,
       25.571993
      ],
      [
       91.829045,
       25.571717
      ],
      [
       91.828882,
       25.57092
      ],
      [
       91.827165,
       25.569509
      ],
      [
       91.827175,
       25.568409
      ],
      [
       91.825356,
       25.568464
      ],
      [
       91.825275,
       25.568748
      ],
      [
       91.82559,
       25.569298
      ],
      [
       91.825448,
       25.569518
      ]
     ]
    ]
   }
  },
  {
   "type": "Feature",
   "properties": {
    "name": "Dense Forest - Weak Signal 14",
    "kind": "advisory",
    "severity": 2,
    "osm_id": 499519236,
    "source": "OpenStreetMap"
   },
   "geometry": {
    "type": "Polygon",
    "coordinates": [
     [
      [
       91.835982,
       25.585232
      ],
      [
       91.836027,
       25.58468
      ],
      [
       91.836684,
       25.584373
      ],
      [
       91.838474,
       25.584557
      ],
      [
       91.838588,
       25.584169
      ],
      [
       91.837341,
       25.583617
      ],
      [
       91.838497,
       25.583188
      ],
      [
       91.836933,
       25.582636
      ],
      [
       91.836888,
       25.582166
      ],
      [
       91.837885,
       25.582227
      ],
      [
       91.839978,
       25.58091
      ],
      [
       91.841173,
       25.58065
      ],
      [
       91.840662,
       25.583212
      ],
      [
       91.840131,
       25.584788
      ],
      [
       91.840154,
       25.585912
      ],
      [
       91.840599,
       25.586946
      ],
      [
       91.840649,
       25.587832
      ],
      [
       91.83933,
       25.590469
      ],
      [
       91.839551,
       25.592333
      ],
      [
       91.839256,
       25.592538
      ],
      [
       91.838304,
       25.592426
      ],
      [
       91.837647,
       25.592824
      ],
      [
       91.836899,
       25.592875
      ],
      [
       91.834973,
       25.593948
      ],
      [
       91.833863,
       25.593958
      ],
      [
       91.833512,
       25.593519
      ],
      [
       91.83392,
       25.593243
      ],
      [
       91.834599,
       25.593182
      ],
      [
       91.835075,
       25.592712
      ],
      [
       91.8375,
       25.592047
      ],
      [
       91.836967,
       25.591455
      ],
      [
       91.835846,
       25.591169
      ],
      [
       91.834078,
       25.591199
      ],
      [
       91.833568,
       25.592098
      ],
      [
       91.83247,
       25.592252
      ],
      [
       91.831348,
       25.592129
      ],
      [
       91.828833,
       25.590412
      ],
      [
       91.828391,
       25.591424
      ],
      [
       91.827201,
       25.591393
      ],
      [
       91.826657,
       25.590893
      ],
      [
       91.826295,
       25.590893
      ],
      [
       91.826771,
       25.589758
      ],
      [
       91.826827,
       25.588849
      ],
      [
       91.826601,
       25.588635
      ],
      [
       91.825389,
       25.588614
      ],
      [
       91.825898,
       25.587572
      ],
      [
       91.827552,
       25.588236
      ],
      [
       91.828119,
       25.587756
      ],
      [
       91.829762,
       25.587275
      ],
      [
       91.831812,
       25.587582
      ],
      [
       91.833115,
       25.587551
      ],
      [
       91.833716,
       25.587245
      ],
      [
       91.833568,
       25.586151
      ],
      [
       91.834282,
       25.585497
      ],
      [
       91.834871,
       25.585354
      ],
      [
       91.835982,
       25.586356
      ],
      [
       91.837319,
       25.586765
      ],
      [
       91.838406,
       25.586744
      ],
      [
       91.839131,
       25.5875
      ],
      [
       91.83972,
       25.587807
      ],
      [
       91.839856,
       25.587051
      ],
      [
       91.839585,
       25.585906
      ],
      [
       91.837998,
       25.586049
      ],
      [
       91.836979,
       25.585641
      ]
     ]
    ]
   }
  }
 ]
}